,country,city,duration,trajectory,departure_time,arrival_time,airport_id,airline,price
0,Swaziland,Manzini,,XXXX,,,,,
1,Swaziland,Manzini,,XXXX,,,,,
2,Swaziland,Manzini,,XXXX,,,,,
3,Swaziland,Manzini,,XXXX,,,,,
4,Swaziland,Manzini,,XXXX,,,,,
5,Swaziland,Manzini,,XXXX,,,,,
6,Swaziland,Manzini,,XXXX,,,,,
7,Swaziland,Manzini,,XXXX,,,,,
8,Swaziland,Manzini,,XXXX,,,,,
9,Swaziland,Manzini,,XXXX,,,,,
10,Swaziland,Manzini,,XXXX,,,,,
11,Swaziland,Manzini,,XXXX,,,,,
12,Swaziland,Manzini,,XXXX,,,,,
13,Swaziland,Manzini,,XXXX,,,,,
14,Swaziland,Manzini,,XXXX,,,,,
15,Swaziland,Manzini,,XXXX,,,,,
16,Swaziland,Manzini,,XXXX,,,,,
17,Swaziland,Manzini,,XXXX,,,,,
18,Swaziland,Manzini,,XXXX,,,,,
19,Swaziland,Manzini,,XXXX,,,,,
20,Tonga,Nuku'Alofa,,XXXX,,,,,
21,Tonga,Nuku'Alofa,,XXXX,,,,,
22,Tonga,Nuku'Alofa,,XXXX,,,,,
23,Tonga,Nuku'Alofa,,XXXX,,,,,
24,Tonga,Nuku'Alofa,,XXXX,,,,,
25,Tonga,Nuku'Alofa,,XXXX,,,,,
26,Tonga,Nuku'Alofa,,XXXX,,,,,
27,Tonga,Nuku'Alofa,,XXXX,,,,,
28,Tonga,Nuku'Alofa,,XXXX,,,,,
29,Tonga,Nuku'Alofa,,XXXX,,,,,
30,Tonga,Nuku'Alofa,,XXXX,,,,,
31,Tonga,Nuku'Alofa,,XXXX,,,,,
32,Tonga,Nuku'Alofa,,XXXX,,,,,
33,Tonga,Nuku'Alofa,,XXXX,,,,,
34,Tonga,Nuku'Alofa,,XXXX,,,,,
35,Tonga,Nuku'Alofa,,XXXX,,,,,
36,Tonga,Nuku'Alofa,,XXXX,,,,,
37,Tonga,Nuku'Alofa,,XXXX,,,,,
38,Tonga,Nuku'Alofa,,XXXX,,,,,
39,Tonga,Nuku'Alofa,,XXXX,,,,,
40,Trinidad and Tobago,Port of Spain,49h 29m,2 stops,14:00,11:29+2,POS,"https://jtc-fm.meta-cdn.net/cdn-cgi/image/width=64,height=64,fit=crop,gravity=auto/upload/auto/carriers/icons/original/222.png","€1,032"
41,Trinidad and Tobago,Port of Spain,49h 29m,2 stops,14:00,11:29+2,POS,"https://jtc-fm.meta-cdn.net/cdn-cgi/image/width=64,height=64,fit=crop,gravity=auto/upload/auto/carriers/icons/original/222.png","€1,035"
42,Trinidad and Tobago,Port of Spain,41h 30m,2 stops,08:10,21:40+1,POS,"https://jtc-fm.meta-cdn.net/cdn-cgi/image/width=64,height=64,fit=crop,gravity=auto/upload/auto/carriers/icons/original/7.png","€1,280"
43,Trinidad and Tobago,Port of Spain,49h 29m,2 stops,14:00,11:29+2,POS,"https://jtc-fm.meta-cdn.net/cdn-cgi/image/width=64,height=64,fit=crop,gravity=auto/upload/auto/carriers/icons/original/222.png","€1,096"
44,Trinidad and Tobago,Port of Spain,35h 40m,2 stops,14:00,21:40+1,POS,"https://jtc-fm.meta-cdn.net/cdn-cgi/image/width=64,height=64,fit=crop,gravity=auto/upload/auto/carriers/icons/original/222.png","€1,588"
45,Trinidad and Tobago,Port of Spain,28h 32m,2 stops,13:35,14:07+1,POS,"https://jtc-fm.meta-cdn.net/cdn-cgi/image/width=64,height=64,fit=crop,gravity=auto/upload/auto/carriers/icons/original/27.png","€2,038"
46,Trinidad and Tobago,Port of Spain,28h 32m,2 stops,13:35,14:07+1,POS,"https://jtc-fm.meta-cdn.net/cdn-cgi/image/width=64,height=64,fit=crop,gravity=auto/upload/auto/carriers/icons/original/42.png","€2,083"
47,Trinidad and Tobago,Port of Spain,30h 40m,2 stops,19:00,21:40+1,POS,"https://jtc-fm.meta-cdn.net/cdn-cgi/image/width=64,height=64,fit=crop,gravity=auto/upload/auto/carriers/icons/original/27.png","€2,047"
48,Trinidad and Tobago,Port of Spain,30h 40m,2 stops,19:00,21:40+1,POS,"https://jtc-fm.meta-cdn.net/cdn-cgi/image/width=64,height=64,fit=crop,gravity=auto/upload/auto/carriers/icons/original/42.png","€2,092"
49,Trinidad and Tobago,Port of Spain,52h 7m,2 stops,14:00,14:07+2,POS,"https://jtc-fm.meta-cdn.net/cdn-cgi/image/width=64,height=64,fit=crop,gravity=auto/upload/auto/carriers/icons/original/222.png","€1,588"
50,Trinidad and Tobago,Port of Spain,36h 5m,2 stops,13:35,21:40+1,POS,"https://jtc-fm.meta-cdn.net/cdn-cgi/image/width=64,height=64,fit=crop,gravity=auto/upload/auto/carriers/icons/original/27.png","€2,038"
51,Trinidad and Tobago,Port of Spain,33h 35m,2 stops,16:05,21:40+1,POS,"https://jtc-fm.meta-cdn.net/cdn-cgi/image/width=64,height=64,fit=crop,gravity=auto/upload/auto/carriers/icons/original/62.png","€2,101"
52,Trinidad and Tobago,Port of Spain,36h 5m,2 stops,13:35,21:40+1,POS,"https://jtc-fm.meta-cdn.net/cdn-cgi/image/width=64,height=64,fit=crop,gravity=auto/upload/auto/carriers/icons/original/27.png","€2,047"
53,Trinidad and Tobago,Port of Spain,36h 5m,2 stops,13:35,21:40+1,POS,"https://jtc-fm.meta-cdn.net/cdn-cgi/image/width=64,height=64,fit=crop,gravity=auto/upload/auto/carriers/icons/original/42.png","€2,083"
54,Trinidad and Tobago,Port of Spain,36h 5m,2 stops,13:35,21:40+1,POS,"https://jtc-fm.meta-cdn.net/cdn-cgi/image/width=64,height=64,fit=crop,gravity=auto/upload/auto/carriers/icons/original/42.png","€2,092"
55,Trinidad and Tobago,Port of Spain,28h 35m,2 stops,19:15,19:50+1,POS,"https://jtc-fm.meta-cdn.net/cdn-cgi/image/width=64,height=64,fit=crop,gravity=auto/upload/auto/carriers/icons/original/7.png","€2,337"
56,Trinidad and Tobago,Port of Spain,31h 10m,2 stops,18:30,21:40+1,POS,"https://jtc-fm.meta-cdn.net/cdn-cgi/image/width=64,height=64,fit=crop,gravity=auto/upload/auto/carriers/icons/original/62.png","€2,374"
57,Trinidad and Tobago,Port of Spain,49h 29m,2 stops,14:00,11:29+2,POS,"https://jtc-fm.meta-cdn.net/cdn-cgi/image/width=64,height=64,fit=crop,gravity=auto/upload/auto/carriers/icons/original/222.png","€1,975"
58,Trinidad and Tobago,Port of Spain,47h 7m,2 stops,19:00,14:07+2,POS,"https://jtc-fm.meta-cdn.net/cdn-cgi/image/width=64,height=64,fit=crop,gravity=auto/upload/auto/carriers/icons/original/27.png","€2,047"
59,Trinidad and Tobago,Port of Spain,47h 7m,2 stops,19:00,14:07+2,POS,"https://jtc-fm.meta-cdn.net/cdn-cgi/image/width=64,height=64,fit=crop,gravity=auto/upload/auto/carriers/icons/original/27.png","€2,092"
60,Tunisia,Djerba,4h 25m,1 stop,02:35,08:00,DJE,"https://jtc-fm.meta-cdn.net/cdn-cgi/image/width=64,height=64,fit=crop,gravity=auto/upload/auto/carriers/icons/original/112.png",€244
61,Tunisia,Djerba,12h 25m,1 stop,02:35,16:00,DJE,"https://jtc-fm.meta-cdn.net/cdn-cgi/image/width=64,height=64,fit=crop,gravity=auto/upload/auto/carriers/icons/original/112.png",€244
62,Tunisia,Djerba,15h 55m,1 stop,02:35,19:30,DJE,"https://jtc-fm.meta-cdn.net/cdn-cgi/image/width=64,height=64,fit=crop,gravity=auto/upload/auto/carriers/icons/original/112.png",€244
63,Tunisia,Djerba,23h ,1 stop,18:15,18:15+1,DJE,"https://jtc-fm.meta-cdn.net/cdn-cgi/image/width=64,height=64,fit=crop,gravity=auto/upload/auto/carriers/icons/original/2777.png",€210
64,Tunisia,Djerba,23h 45m,1 stop,18:15,19:00+1,DJE,"https://jtc-fm.meta-cdn.net/cdn-cgi/image/width=64,height=64,fit=crop,gravity=auto/upload/auto/carriers/icons/original/2777.png",€197
65,Tunisia,Djerba,18h 15m,2 stops,02:35,21:50,DJE,"https://jtc-fm.meta-cdn.net/cdn-cgi/image/width=64,height=64,fit=crop,gravity=auto/upload/auto/carriers/icons/original/112.png",€489
66,Tunisia,Djerba,28h 5m,1 stop,13:20,18:25+1,DJE,"https://jtc-fm.meta-cdn.net/cdn-cgi/image/width=64,height=64,fit=crop,gravity=auto/upload/auto/carriers/icons/original/62.png",€293
67,Tunisia,Djerba,29h 40m,1 stop,11:45,18:25+1,DJE,"https://jtc-fm.meta-cdn.net/cdn-cgi/image/width=64,height=64,fit=crop,gravity=auto/upload/auto/carriers/icons/original/192.png",€304
68,Tunisia,Djerba,25h 20m,2 stops,16:05,18:25+1,DJE,"https://jtc-fm.meta-cdn.net/cdn-cgi/image/width=64,height=64,fit=crop,gravity=auto/upload/auto/carriers/icons/original/42.png",€418
69,Tunisia,Djerba,29h 25m,2 stops,16:05,22:30+1,DJE,"https://jtc-fm.meta-cdn.net/cdn-cgi/image/width=64,height=64,fit=crop,gravity=auto/upload/auto/carriers/icons/original/42.png",€395
70,Tunisia,Djerba,32h 30m,2 stops,13:00,22:30+1,DJE,"https://jtc-fm.meta-cdn.net/cdn-cgi/image/width=64,height=64,fit=crop,gravity=auto/upload/auto/carriers/icons/original/5015.png",€422
71,Tunisia,Djerba,42h ,2 stops,02:35,21:35+1,DJE,"https://jtc-fm.meta-cdn.net/cdn-cgi/image/width=64,height=64,fit=crop,gravity=auto/upload/auto/carriers/icons/original/112.png",€481
72,Tunisia,Djerba,18h 15m,2 stops,02:35,21:50,DJE,"https://jtc-fm.meta-cdn.net/cdn-cgi/image/width=64,height=64,fit=crop,gravity=auto/upload/auto/carriers/icons/original/112.png","€1,314"
73,Tunisia,Djerba,18h 25m,1 stop,02:25,21:50,DJE,"https://jtc-fm.meta-cdn.net/cdn-cgi/image/width=64,height=64,fit=crop,gravity=auto/upload/auto/carriers/icons/original/22.png","€1,430"
74,Tunisia,Djerba,10h 20m,2 stops,08:10,19:30,DJE,"https://jtc-fm.meta-cdn.net/cdn-cgi/image/width=64,height=64,fit=crop,gravity=auto/upload/auto/carriers/icons/original/7.png","€2,281"
75,Tunisia,Djerba,14h 25m,2 stops,16:35,08:00+1,DJE,"https://jtc-fm.meta-cdn.net/cdn-cgi/image/width=64,height=64,fit=crop,gravity=auto/upload/auto/carriers/icons/original/7.png","€2,281"
76,Tunisia,Djerba,42h 10m,2 stops,02:25,21:35+1,DJE,"https://jtc-fm.meta-cdn.net/cdn-cgi/image/width=64,height=64,fit=crop,gravity=auto/upload/auto/carriers/icons/original/22.png","€1,635"
77,Tunisia,Djerba,22h 25m,2 stops,16:35,16:00+1,DJE,"https://jtc-fm.meta-cdn.net/cdn-cgi/image/width=64,height=64,fit=crop,gravity=auto/upload/auto/carriers/icons/original/7.png","€2,281"
78,Tunisia,Djerba,22h 50m,2 stops,08:10,08:00+1,DJE,"https://jtc-fm.meta-cdn.net/cdn-cgi/image/width=64,height=64,fit=crop,gravity=auto/upload/auto/carriers/icons/original/7.png","€2,281"
79,Tunisia,Djerba,22h 50m,2 stops,08:10,08:00+1,DJE,"https://jtc-fm.meta-cdn.net/cdn-cgi/image/width=64,height=64,fit=crop,gravity=auto/upload/auto/carriers/icons/original/7.png","€2,281"
80,Tunisia,Enfidha,28h 5m,1 stop,11:45,16:50+1,NBE,"https://jtc-fm.meta-cdn.net/cdn-cgi/image/width=64,height=64,fit=crop,gravity=auto/upload/auto/carriers/icons/original/192.png",€354
81,Tunisia,Enfidha,,XXXX,,,,,
82,Tunisia,Enfidha,,XXXX,,,,,
83,Tunisia,Enfidha,,XXXX,,,,,
84,Tunisia,Enfidha,,XXXX,,,,,
85,Tunisia,Enfidha,,XXXX,,,,,
86,Tunisia,Enfidha,,XXXX,,,,,
87,Tunisia,Enfidha,,XXXX,,,,,
88,Tunisia,Enfidha,,XXXX,,,,,
89,Tunisia,Enfidha,,XXXX,,,,,
90,Tunisia,Enfidha,,XXXX,,,,,
91,Tunisia,Enfidha,,XXXX,,,,,
92,Tunisia,Enfidha,,XXXX,,,,,
93,Tunisia,Enfidha,,XXXX,,,,,
94,Tunisia,Enfidha,,XXXX,,,,,
95,Tunisia,Enfidha,,XXXX,,,,,
96,Tunisia,Enfidha,,XXXX,,,,,
97,Tunisia,Enfidha,,XXXX,,,,,
98,Tunisia,Enfidha,,XXXX,,,,,
99,Tunisia,Enfidha,,XXXX,,,,,
100,Tunisia,Monastir,13h 45m,1 stop,18:15,09:00+1,MIR,"https://jtc-fm.meta-cdn.net/cdn-cgi/image/width=64,height=64,fit=crop,gravity=auto/upload/auto/carriers/icons/original/2777.png",€222
101,Tunisia,Monastir,17h 35m,2 stops,02:35,21:10,MIR,"https://jtc-fm.meta-cdn.net/cdn-cgi/image/width=64,height=64,fit=crop,gravity=auto/upload/auto/carriers/icons/original/112.png",€436
102,Tunisia,Monastir,37h 15m,2 stops,02:35,16:50+1,MIR,"https://jtc-fm.meta-cdn.net/cdn-cgi/image/width=64,height=64,fit=crop,gravity=auto/upload/auto/carriers/icons/original/112.png",€433
103,Tunisia,Monastir,17h 45m,2 stops,02:25,21:10,MIR,"https://jtc-fm.meta-cdn.net/cdn-cgi/image/width=64,height=64,fit=crop,gravity=auto/upload/auto/carriers/icons/original/22.png","€1,536"
104,Tunisia,Monastir,17h 45m,2 stops,02:25,21:10,MIR,"https://jtc-fm.meta-cdn.net/cdn-cgi/image/width=64,height=64,fit=crop,gravity=auto/upload/auto/carriers/icons/original/22.png","€1,536"
105,Tunisia,Monastir,17h 45m,2 stops,02:25,21:10,MIR,"https://jtc-fm.meta-cdn.net/cdn-cgi/image/width=64,height=64,fit=crop,gravity=auto/upload/auto/carriers/icons/original/22.png","€1,640"
106,Tunisia,Monastir,,XXXX,,,,,
107,Tunisia,Monastir,,XXXX,,,,,
108,Tunisia,Monastir,,XXXX,,,,,
109,Tunisia,Monastir,,XXXX,,,,,
110,Tunisia,Monastir,,XXXX,,,,,
111,Tunisia,Monastir,,XXXX,,,,,
112,Tunisia,Monastir,,XXXX,,,,,
113,Tunisia,Monastir,,XXXX,,,,,
114,Tunisia,Monastir,,XXXX,,,,,
115,Tunisia,Monastir,,XXXX,,,,,
116,Tunisia,Monastir,,XXXX,,,,,
117,Tunisia,Monastir,,XXXX,,,,,
118,Tunisia,Monastir,,XXXX,,,,,
119,Tunisia,Monastir,,XXXX,,,,,
120,Tunisia,Sfax,34h 45m,2 stops,20:30,08:15+2,SFA,"https://jtc-fm.meta-cdn.net/cdn-cgi/image/width=64,height=64,fit=crop,gravity=auto/upload/auto/carriers/icons/original/932.png",€574
121,Tunisia,Sfax,32h 10m,2 stops,23:05,08:15+2,SFA,"https://jtc-fm.meta-cdn.net/cdn-cgi/image/width=64,height=64,fit=crop,gravity=auto/upload/auto/carriers/icons/original/372.png","€1,129"
122,Tunisia,Sfax,41h 40m,2 stops,13:35,08:15+2,SFA,"https://jtc-fm.meta-cdn.net/cdn-cgi/image/width=64,height=64,fit=crop,gravity=auto/upload/auto/carriers/icons/original/372.png","€1,186"
123,Tunisia,Sfax,17h 40m,2 stops,16:35,11:15+1,SFA,"https://jtc-fm.meta-cdn.net/cdn-cgi/image/width=64,height=64,fit=crop,gravity=auto/upload/auto/carriers/icons/original/7.png","€2,135"
124,Tunisia,Sfax,26h 5m,2 stops,08:10,11:15+1,SFA,"https://jtc-fm.meta-cdn.net/cdn-cgi/image/width=64,height=64,fit=crop,gravity=auto/upload/auto/carriers/icons/original/7.png","€2,135"
125,Tunisia,Sfax,26h 5m,2 stops,08:10,11:15+1,SFA,"https://jtc-fm.meta-cdn.net/cdn-cgi/image/width=64,height=64,fit=crop,gravity=auto/upload/auto/carriers/icons/original/7.png","€2,135"
126,Tunisia,Sfax,36h ,2 stops,19:15,08:15+2,SFA,"https://jtc-fm.meta-cdn.net/cdn-cgi/image/width=64,height=64,fit=crop,gravity=auto/upload/auto/carriers/icons/original/7.png","€2,144"
127,Tunisia,Sfax,36h ,2 stops,19:15,08:15+2,SFA,"https://jtc-fm.meta-cdn.net/cdn-cgi/image/width=64,height=64,fit=crop,gravity=auto/upload/auto/carriers/icons/original/7.png","€2,144"
128,Tunisia,Sfax,38h 40m,2 stops,16:35,08:15+2,SFA,"https://jtc-fm.meta-cdn.net/cdn-cgi/image/width=64,height=64,fit=crop,gravity=auto/upload/auto/carriers/icons/original/7.png","€2,144"
129,Tunisia,Sfax,31h 50m,2 stops,02:25,11:15+1,SFA,"https://jtc-fm.meta-cdn.net/cdn-cgi/image/width=64,height=64,fit=crop,gravity=auto/upload/auto/carriers/icons/original/22.png","€2,619"
130,Tunisia,Sfax,,XXXX,,,,,
131,Tunisia,Sfax,,XXXX,,,,,
132,Tunisia,Sfax,,XXXX,,,,,
133,Tunisia,Sfax,,XXXX,,,,,
134,Tunisia,Sfax,,XXXX,,,,,
135,Tunisia,Sfax,,XXXX,,,,,
136,Tunisia,Sfax,,XXXX,,,,,
137,Tunisia,Sfax,,XXXX,,,,,
138,Tunisia,Sfax,,XXXX,,,,,
139,Tunisia,Sfax,,XXXX,,,,,
140,Tunisia,Tozeur,14h 35m,1 stop,02:35,18:10,TOE,"https://jtc-fm.meta-cdn.net/cdn-cgi/image/width=64,height=64,fit=crop,gravity=auto/upload/auto/carriers/icons/original/112.png",€244
141,Tunisia,Tozeur,41h 25m,2 stops,20:30,14:55+2,TOE,"https://jtc-fm.meta-cdn.net/cdn-cgi/image/width=64,height=64,fit=crop,gravity=auto/upload/auto/carriers/icons/original/932.png",€608
142,Tunisia,Tozeur,9h ,2 stops,08:10,18:10,TOE,"https://jtc-fm.meta-cdn.net/cdn-cgi/image/width=64,height=64,fit=crop,gravity=auto/upload/auto/carriers/icons/original/7.png","€2,168"
143,Tunisia,Tozeur,14h 45m,2 stops,02:25,18:10,TOE,"https://jtc-fm.meta-cdn.net/cdn-cgi/image/width=64,height=64,fit=crop,gravity=auto/upload/auto/carriers/icons/original/22.png","€2,652"
144,Tunisia,Tozeur,42h 40m,2 stops,19:15,14:55+2,TOE,"https://jtc-fm.meta-cdn.net/cdn-cgi/image/width=64,height=64,fit=crop,gravity=auto/upload/auto/carriers/icons/original/7.png","€2,177"
145,Tunisia,Tozeur,42h 40m,2 stops,19:15,14:55+2,TOE,"https://jtc-fm.meta-cdn.net/cdn-cgi/image/width=64,height=64,fit=crop,gravity=auto/upload/auto/carriers/icons/original/7.png","€2,177"
146,Tunisia,Tozeur,45h 20m,2 stops,16:35,14:55+2,TOE,"https://jtc-fm.meta-cdn.net/cdn-cgi/image/width=64,height=64,fit=crop,gravity=auto/upload/auto/carriers/icons/original/7.png","€2,177"
147,Tunisia,Tozeur,,XXXX,,,,,
148,Tunisia,Tozeur,,XXXX,,,,,
149,Tunisia,Tozeur,,XXXX,,,,,
150,Tunisia,Tozeur,,XXXX,,,,,
151,Tunisia,Tozeur,,XXXX,,,,,
152,Tunisia,Tozeur,,XXXX,,,,,
153,Tunisia,Tozeur,,XXXX,,,,,
154,Tunisia,Tozeur,,XXXX,,,,,
155,Tunisia,Tozeur,,XXXX,,,,,
156,Tunisia,Tozeur,,XXXX,,,,,
157,Tunisia,Tozeur,,XXXX,,,,,
158,Tunisia,Tozeur,,XXXX,,,,,
159,Tunisia,Tozeur,,XXXX,,,,,
160,Tunisia,Tunis,1h 25m,Direct,02:35,05:00,TUN,"https://jtc-fm.meta-cdn.net/cdn-cgi/image/width=64,height=64,fit=crop,gravity=auto/upload/auto/carriers/icons/original/112.png",€152
161,Tunisia,Tunis,2h ,Direct,07:50,10:50,TUN,"https://jtc-fm.meta-cdn.net/cdn-cgi/image/width=64,height=64,fit=crop,gravity=auto/upload/auto/carriers/icons/original/62.png",€165
162,Tunisia,Tunis,2h 5m,Direct,14:15,17:20,TUN,"https://jtc-fm.meta-cdn.net/cdn-cgi/image/width=64,height=64,fit=crop,gravity=auto/upload/auto/carriers/icons/original/62.png",€165
163,Tunisia,Tunis,5h 55m,1 stop,16:35,23:30,TUN,"https://jtc-fm.meta-cdn.net/cdn-cgi/image/width=64,height=64,fit=crop,gravity=auto/upload/auto/carriers/icons/original/7.png",€204
164,Tunisia,Tunis,8h 25m,1 stop,08:15,17:40,TUN,"https://jtc-fm.meta-cdn.net/cdn-cgi/image/width=64,height=64,fit=crop,gravity=auto/upload/auto/carriers/icons/original/62.png",€201
165,Tunisia,Tunis,8h 30m,1 stop,02:25,11:55,TUN,"https://jtc-fm.meta-cdn.net/cdn-cgi/image/width=64,height=64,fit=crop,gravity=auto/upload/auto/carriers/icons/original/22.png",€200
166,Tunisia,Tunis,6h 20m,1 stop,08:10,15:30,TUN,"https://jtc-fm.meta-cdn.net/cdn-cgi/image/width=64,height=64,fit=crop,gravity=auto/upload/auto/carriers/icons/original/7.png",€611
167,Tunisia,Tunis,10h 30m,1 stop,23:05,10:35+1,TUN,"https://jtc-fm.meta-cdn.net/cdn-cgi/image/width=64,height=64,fit=crop,gravity=auto/upload/auto/carriers/icons/original/372.png",€647
168,Tunisia,Tunis,14h 20m,1 stop,08:10,23:30,TUN,"https://jtc-fm.meta-cdn.net/cdn-cgi/image/width=64,height=64,fit=crop,gravity=auto/upload/auto/carriers/icons/original/7.png",€412
169,Tunisia,Tunis,15h 50m,1 stop,17:10,10:00+1,TUN,"https://jtc-fm.meta-cdn.net/cdn-cgi/image/width=64,height=64,fit=crop,gravity=auto/upload/auto/carriers/icons/original/47.png",€448
170,Tunisia,Tunis,19h 15m,1 stop,19:15,15:30+1,TUN,"https://jtc-fm.meta-cdn.net/cdn-cgi/image/width=64,height=64,fit=crop,gravity=auto/upload/auto/carriers/icons/original/7.png",€384
171,Tunisia,Tunis,21h 55m,1 stop,16:35,15:30+1,TUN,"https://jtc-fm.meta-cdn.net/cdn-cgi/image/width=64,height=64,fit=crop,gravity=auto/upload/auto/carriers/icons/original/7.png",€353
172,Tunisia,Tunis,22h 10m,1 stop,20:30,19:40+1,TUN,"https://jtc-fm.meta-cdn.net/cdn-cgi/image/width=64,height=64,fit=crop,gravity=auto/upload/auto/carriers/icons/original/932.png",€405
173,Tunisia,Tunis,21h 35m,1 stop,17:10,15:45+1,TUN,"https://jtc-fm.meta-cdn.net/cdn-cgi/image/width=64,height=64,fit=crop,gravity=auto/upload/auto/carriers/icons/original/47.png",€448
174,Tunisia,Tunis,26h 50m,1 stop,18:15,22:05+1,TUN,"https://jtc-fm.meta-cdn.net/cdn-cgi/image/width=64,height=64,fit=crop,gravity=auto/upload/auto/carriers/icons/original/2777.png",€212
175,Tunisia,Tunis,27h 15m,1 stop,19:15,23:30+1,TUN,"https://jtc-fm.meta-cdn.net/cdn-cgi/image/width=64,height=64,fit=crop,gravity=auto/upload/auto/carriers/icons/original/7.png",€201
176,Tunisia,Tunis,20h ,1 stop,13:35,10:35+1,TUN,"https://jtc-fm.meta-cdn.net/cdn-cgi/image/width=64,height=64,fit=crop,gravity=auto/upload/auto/carriers/icons/original/372.png",€721
177,Tunisia,Tunis,23h 5m,1 stop,09:55,10:00+1,TUN,"https://jtc-fm.meta-cdn.net/cdn-cgi/image/width=64,height=64,fit=crop,gravity=auto/upload/auto/carriers/icons/original/47.png",€738
178,Tunisia,Tunis,16h 10m,2 stops,19:00,12:10+1,TUN,"https://jtc-fm.meta-cdn.net/cdn-cgi/image/width=64,height=64,fit=crop,gravity=auto/upload/auto/carriers/icons/original/62.png","€1,263"
179,Tunisia,Tunis,19h 5m,2 stops,16:05,12:10+1,TUN,"https://jtc-fm.meta-cdn.net/cdn-cgi/image/width=64,height=64,fit=crop,gravity=auto/upload/auto/carriers/icons/original/62.png","€1,270"
180,Turkey,Adana,8h 10m,1 stop,01:10,12:20,ADA,"https://jtc-fm.meta-cdn.net/cdn-cgi/image/width=64,height=64,fit=crop,gravity=auto/upload/auto/carriers/icons/original/197.png",€151
181,Turkey,Adana,11h 10m,1 stop,01:10,15:20,ADA,"https://jtc-fm.meta-cdn.net/cdn-cgi/image/width=64,height=64,fit=crop,gravity=auto/upload/auto/carriers/icons/original/197.png",€151
182,Turkey,Adana,13h 15m,1 stop,01:10,17:25,ADA,"https://jtc-fm.meta-cdn.net/cdn-cgi/image/width=64,height=64,fit=crop,gravity=auto/upload/auto/carriers/icons/original/197.png",€170
183,Turkey,Adana,15h 25m,1 stop,01:10,19:35,ADA,"https://jtc-fm.meta-cdn.net/cdn-cgi/image/width=64,height=64,fit=crop,gravity=auto/upload/auto/carriers/icons/original/197.png",€175
184,Turkey,Adana,17h 20m,1 stop,01:10,21:30,ADA,"https://jtc-fm.meta-cdn.net/cdn-cgi/image/width=64,height=64,fit=crop,gravity=auto/upload/auto/carriers/icons/original/197.png",€176
185,Turkey,Adana,16h 25m,2 stops,01:10,20:35,ADA,"https://jtc-fm.meta-cdn.net/cdn-cgi/image/width=64,height=64,fit=crop,gravity=auto/upload/auto/carriers/icons/original/197.png",€221
186,Turkey,Adana,16h 25m,2 stops,01:10,20:35,ADA,"https://jtc-fm.meta-cdn.net/cdn-cgi/image/width=64,height=64,fit=crop,gravity=auto/upload/auto/carriers/icons/original/197.png",€221
187,Turkey,Adana,21h 10m,1 stop,01:10,01:20+1,ADA,"https://jtc-fm.meta-cdn.net/cdn-cgi/image/width=64,height=64,fit=crop,gravity=auto/upload/auto/carriers/icons/original/197.png",€176
188,Turkey,Adana,17h 40m,2 stops,01:10,21:50,ADA,"https://jtc-fm.meta-cdn.net/cdn-cgi/image/width=64,height=64,fit=crop,gravity=auto/upload/auto/carriers/icons/original/197.png",€224
189,Turkey,Adana,17h 40m,2 stops,01:10,21:50,ADA,"https://jtc-fm.meta-cdn.net/cdn-cgi/image/width=64,height=64,fit=crop,gravity=auto/upload/auto/carriers/icons/original/197.png",€224
190,Turkey,Adana,17h 40m,2 stops,01:10,21:50,ADA,"https://jtc-fm.meta-cdn.net/cdn-cgi/image/width=64,height=64,fit=crop,gravity=auto/upload/auto/carriers/icons/original/197.png",€224
191,Turkey,Adana,17h 40m,2 stops,01:10,21:50,ADA,"https://jtc-fm.meta-cdn.net/cdn-cgi/image/width=64,height=64,fit=crop,gravity=auto/upload/auto/carriers/icons/original/197.png",€224
192,Turkey,Adana,7h 35m,1 stop,17:10,03:45+1,ADA,"https://jtc-fm.meta-cdn.net/cdn-cgi/image/width=64,height=64,fit=crop,gravity=auto/upload/auto/carriers/icons/original/47.png",€385
193,Turkey,Adana,27h 15m,1 stop,01:10,07:25+1,ADA,"https://jtc-fm.meta-cdn.net/cdn-cgi/image/width=64,height=64,fit=crop,gravity=auto/upload/auto/carriers/icons/original/197.png",€185
194,Turkey,Adana,12h 30m,1 stop,17:10,08:40+1,ADA,"https://jtc-fm.meta-cdn.net/cdn-cgi/image/width=64,height=64,fit=crop,gravity=auto/upload/auto/carriers/icons/original/47.png",€385
195,Turkey,Adana,13h 50m,1 stop,17:10,10:00+1,ADA,"https://jtc-fm.meta-cdn.net/cdn-cgi/image/width=64,height=64,fit=crop,gravity=auto/upload/auto/carriers/icons/original/47.png",€394
196,Turkey,Adana,15h ,1 stop,17:10,11:10+1,ADA,"https://jtc-fm.meta-cdn.net/cdn-cgi/image/width=64,height=64,fit=crop,gravity=auto/upload/auto/carriers/icons/original/47.png",€385
197,Turkey,Adana,27h 25m,2 stops,01:10,07:35+1,ADA,"https://jtc-fm.meta-cdn.net/cdn-cgi/image/width=64,height=64,fit=crop,gravity=auto/upload/auto/carriers/icons/original/197.png",€224
198,Turkey,Adana,27h 25m,2 stops,01:10,07:35+1,ADA,"https://jtc-fm.meta-cdn.net/cdn-cgi/image/width=64,height=64,fit=crop,gravity=auto/upload/auto/carriers/icons/original/197.png",€224
199,Turkey,Adana,27h 25m,2 stops,01:10,07:35+1,ADA,"https://jtc-fm.meta-cdn.net/cdn-cgi/image/width=64,height=64,fit=crop,gravity=auto/upload/auto/carriers/icons/original/197.png",€224
200,Turkey,Ankara,8h 10m,1 stop,01:10,12:20,ESB,"https://jtc-fm.meta-cdn.net/cdn-cgi/image/width=64,height=64,fit=crop,gravity=auto/upload/auto/carriers/icons/original/197.png",€135
201,Turkey,Ankara,14h 50m,1 stop,01:10,19:00,ESB,"https://jtc-fm.meta-cdn.net/cdn-cgi/image/width=64,height=64,fit=crop,gravity=auto/upload/auto/carriers/icons/original/197.png",€150
202,Turkey,Ankara,17h 20m,1 stop,01:10,21:30,ESB,"https://jtc-fm.meta-cdn.net/cdn-cgi/image/width=64,height=64,fit=crop,gravity=auto/upload/auto/carriers/icons/original/197.png",€166
203,Turkey,Ankara,20h 50m,1 stop,01:10,01:00+1,ESB,"https://jtc-fm.meta-cdn.net/cdn-cgi/image/width=64,height=64,fit=crop,gravity=auto/upload/auto/carriers/icons/original/197.png",€165
204,Turkey,Ankara,13h 50m,2 stops,01:10,18:00,ESB,"https://jtc-fm.meta-cdn.net/cdn-cgi/image/width=64,height=64,fit=crop,gravity=auto/upload/auto/carriers/icons/original/197.png",€257
205,Turkey,Ankara,13h 50m,2 stops,01:10,18:00,ESB,"https://jtc-fm.meta-cdn.net/cdn-cgi/image/width=64,height=64,fit=crop,gravity=auto/upload/auto/carriers/icons/original/197.png",€257
206,Turkey,Ankara,6h 5m,1 stop,17:10,02:15+1,ESB,"https://jtc-fm.meta-cdn.net/cdn-cgi/image/width=64,height=64,fit=crop,gravity=auto/upload/auto/carriers/icons/original/47.png",€384
207,Turkey,Ankara,17h 35m,2 stops,01:10,21:45,ESB,"https://jtc-fm.meta-cdn.net/cdn-cgi/image/width=64,height=64,fit=crop,gravity=auto/upload/auto/carriers/icons/original/197.png",€209
208,Turkey,Ankara,17h 35m,2 stops,01:10,21:45,ESB,"https://jtc-fm.meta-cdn.net/cdn-cgi/image/width=64,height=64,fit=crop,gravity=auto/upload/auto/carriers/icons/original/197.png",€209
209,Turkey,Ankara,17h 35m,2 stops,01:10,21:45,ESB,"https://jtc-fm.meta-cdn.net/cdn-cgi/image/width=64,height=64,fit=crop,gravity=auto/upload/auto/carriers/icons/original/197.png",€209
210,Turkey,Ankara,17h 35m,2 stops,01:10,21:45,ESB,"https://jtc-fm.meta-cdn.net/cdn-cgi/image/width=64,height=64,fit=crop,gravity=auto/upload/auto/carriers/icons/original/197.png",€209
211,Turkey,Ankara,7h ,1 stop,17:10,03:10+1,ESB,"https://jtc-fm.meta-cdn.net/cdn-cgi/image/width=64,height=64,fit=crop,gravity=auto/upload/auto/carriers/icons/original/47.png",€384
212,Turkey,Ankara,19h 15m,2 stops,01:10,23:25,ESB,"https://jtc-fm.meta-cdn.net/cdn-cgi/image/width=64,height=64,fit=crop,gravity=auto/upload/auto/carriers/icons/original/197.png",€209
213,Turkey,Ankara,19h 15m,2 stops,01:10,23:25,ESB,"https://jtc-fm.meta-cdn.net/cdn-cgi/image/width=64,height=64,fit=crop,gravity=auto/upload/auto/carriers/icons/original/197.png",€209
214,Turkey,Ankara,19h 15m,2 stops,01:10,23:25,ESB,"https://jtc-fm.meta-cdn.net/cdn-cgi/image/width=64,height=64,fit=crop,gravity=auto/upload/auto/carriers/icons/original/197.png",€209
215,Turkey,Ankara,19h 15m,2 stops,01:10,23:25,ESB,"https://jtc-fm.meta-cdn.net/cdn-cgi/image/width=64,height=64,fit=crop,gravity=auto/upload/auto/carriers/icons/original/197.png",€209
216,Turkey,Ankara,11h 30m,1 stop,17:10,07:40+1,ESB,"https://jtc-fm.meta-cdn.net/cdn-cgi/image/width=64,height=64,fit=crop,gravity=auto/upload/auto/carriers/icons/original/47.png",€394
217,Turkey,Ankara,12h ,1 stop,17:10,08:10+1,ESB,"https://jtc-fm.meta-cdn.net/cdn-cgi/image/width=64,height=64,fit=crop,gravity=auto/upload/auto/carriers/icons/original/47.png",€392
218,Turkey,Ankara,27h 30m,1 stop,01:10,07:40+1,ESB,"https://jtc-fm.meta-cdn.net/cdn-cgi/image/width=64,height=64,fit=crop,gravity=auto/upload/auto/carriers/icons/original/197.png",€174
219,Turkey,Ankara,13h 5m,1 stop,17:10,09:15+1,ESB,"https://jtc-fm.meta-cdn.net/cdn-cgi/image/width=64,height=64,fit=crop,gravity=auto/upload/auto/carriers/icons/original/47.png",€392
220,Turkey,Antalya,6h 55m,1 stop,01:10,11:05,AYT,"https://jtc-fm.meta-cdn.net/cdn-cgi/image/width=64,height=64,fit=crop,gravity=auto/upload/auto/carriers/icons/original/197.png",€143
221,Turkey,Antalya,8h 55m,1 stop,01:10,13:05,AYT,"https://jtc-fm.meta-cdn.net/cdn-cgi/image/width=64,height=64,fit=crop,gravity=auto/upload/auto/carriers/icons/original/197.png",€143
222,Turkey,Antalya,12h 25m,1 stop,01:10,16:35,AYT,"https://jtc-fm.meta-cdn.net/cdn-cgi/image/width=64,height=64,fit=crop,gravity=auto/upload/auto/carriers/icons/original/197.png",€143
223,Turkey,Antalya,11h 10m,2 stops,01:10,15:20,AYT,"https://jtc-fm.meta-cdn.net/cdn-cgi/image/width=64,height=64,fit=crop,gravity=auto/upload/auto/carriers/icons/original/197.png",€194
224,Turkey,Antalya,16h 5m,1 stop,01:10,20:15,AYT,"https://jtc-fm.meta-cdn.net/cdn-cgi/image/width=64,height=64,fit=crop,gravity=auto/upload/auto/carriers/icons/original/197.png",€143
225,Turkey,Antalya,14h 30m,1 stop,01:10,18:40,AYT,"https://jtc-fm.meta-cdn.net/cdn-cgi/image/width=64,height=64,fit=crop,gravity=auto/upload/auto/carriers/icons/original/197.png",€174
226,Turkey,Antalya,17h 45m,1 stop,01:10,21:55,AYT,"https://jtc-fm.meta-cdn.net/cdn-cgi/image/width=64,height=64,fit=crop,gravity=auto/upload/auto/carriers/icons/original/197.png",€174
227,Turkey,Antalya,19h ,1 stop,01:10,23:10,AYT,"https://jtc-fm.meta-cdn.net/cdn-cgi/image/width=64,height=64,fit=crop,gravity=auto/upload/auto/carriers/icons/original/197.png",€174
228,Turkey,Antalya,17h 30m,2 stops,01:10,21:40,AYT,"https://jtc-fm.meta-cdn.net/cdn-cgi/image/width=64,height=64,fit=crop,gravity=auto/upload/auto/carriers/icons/original/197.png",€196
229,Turkey,Antalya,17h 30m,2 stops,01:10,21:40,AYT,"https://jtc-fm.meta-cdn.net/cdn-cgi/image/width=64,height=64,fit=crop,gravity=auto/upload/auto/carriers/icons/original/197.png",€196
230,Turkey,Antalya,17h 35m,2 stops,01:10,21:45,AYT,"https://jtc-fm.meta-cdn.net/cdn-cgi/image/width=64,height=64,fit=crop,gravity=auto/upload/auto/carriers/icons/original/197.png",€196
231,Turkey,Antalya,17h 35m,2 stops,01:10,21:45,AYT,"https://jtc-fm.meta-cdn.net/cdn-cgi/image/width=64,height=64,fit=crop,gravity=auto/upload/auto/carriers/icons/original/197.png",€196
232,Turkey,Antalya,7h 10m,1 stop,09:55,20:05,AYT,"https://jtc-fm.meta-cdn.net/cdn-cgi/image/width=64,height=64,fit=crop,gravity=auto/upload/auto/carriers/icons/original/62.png",€350
233,Turkey,Antalya,7h 10m,1 stop,09:55,20:05,AYT,"https://jtc-fm.meta-cdn.net/cdn-cgi/image/width=64,height=64,fit=crop,gravity=auto/upload/auto/carriers/icons/original/62.png",€350
234,Turkey,Antalya,21h 5m,1 stop,01:10,01:15+1,AYT,"https://jtc-fm.meta-cdn.net/cdn-cgi/image/width=64,height=64,fit=crop,gravity=auto/upload/auto/carriers/icons/original/197.png",€174
235,Turkey,Antalya,8h 10m,1 stop,09:55,21:05,AYT,"https://jtc-fm.meta-cdn.net/cdn-cgi/image/width=64,height=64,fit=crop,gravity=auto/upload/auto/carriers/icons/original/62.png",€346
236,Turkey,Antalya,7h 30m,1 stop,17:10,03:40+1,AYT,"https://jtc-fm.meta-cdn.net/cdn-cgi/image/width=64,height=64,fit=crop,gravity=auto/upload/auto/carriers/icons/original/47.png",€384
237,Turkey,Antalya,13h 50m,1 stop,02:25,19:15,AYT,"https://jtc-fm.meta-cdn.net/cdn-cgi/image/width=64,height=64,fit=crop,gravity=auto/upload/auto/carriers/icons/original/22.png",€313
238,Turkey,Antalya,12h 15m,1 stop,09:55,01:10+1,AYT,"https://jtc-fm.meta-cdn.net/cdn-cgi/image/width=64,height=64,fit=crop,gravity=auto/upload/auto/carriers/icons/original/62.png",€351
239,Turkey,Antalya,12h 40m,1 stop,09:55,01:35+1,AYT,"https://jtc-fm.meta-cdn.net/cdn-cgi/image/width=64,height=64,fit=crop,gravity=auto/upload/auto/carriers/icons/original/62.png",€352
240,Turkey,Antalya,19h 20m,1 stop,01:10,23:30,GZP,"https://jtc-fm.meta-cdn.net/cdn-cgi/image/width=64,height=64,fit=crop,gravity=auto/upload/auto/carriers/icons/original/197.png",€163
241,Turkey,Antalya,11h 35m,1 stop,17:10,07:45+1,GZP,"https://jtc-fm.meta-cdn.net/cdn-cgi/image/width=64,height=64,fit=crop,gravity=auto/upload/auto/carriers/icons/original/47.png",€383
242,Turkey,Antalya,9h 15m,1 stop,09:55,22:10,GZP,"https://jtc-fm.meta-cdn.net/cdn-cgi/image/width=64,height=64,fit=crop,gravity=auto/upload/auto/carriers/icons/original/62.png",€496
243,Turkey,Antalya,10h 10m,2 stops,02:35,15:45,GZP,"https://jtc-fm.meta-cdn.net/cdn-cgi/image/width=64,height=64,fit=crop,gravity=auto/upload/auto/carriers/icons/original/112.png",€477
244,Turkey,Antalya,26h ,1 stop,17:10,22:10+1,GZP,"https://jtc-fm.meta-cdn.net/cdn-cgi/image/width=64,height=64,fit=crop,gravity=auto/upload/auto/carriers/icons/original/47.png",€385
245,Turkey,Antalya,16h 35m,2 stops,02:35,22:10,GZP,"https://jtc-fm.meta-cdn.net/cdn-cgi/image/width=64,height=64,fit=crop,gravity=auto/upload/auto/carriers/icons/original/112.png",€477
246,Turkey,Antalya,18h 50m,1 stop,09:55,07:45+1,GZP,"https://jtc-fm.meta-cdn.net/cdn-cgi/image/width=64,height=64,fit=crop,gravity=auto/upload/auto/carriers/icons/original/62.png",€499
247,Turkey,Antalya,12h 10m,2 stops,09:55,01:05+1,GZP,"https://jtc-fm.meta-cdn.net/cdn-cgi/image/width=64,height=64,fit=crop,gravity=auto/upload/auto/carriers/icons/original/62.png",€686
248,Turkey,Antalya,12h 10m,2 stops,09:55,01:05+1,GZP,"https://jtc-fm.meta-cdn.net/cdn-cgi/image/width=64,height=64,fit=crop,gravity=auto/upload/auto/carriers/icons/original/62.png",€686
249,Turkey,Antalya,9h 15m,1 stop,09:55,22:10,GZP,"https://jtc-fm.meta-cdn.net/cdn-cgi/image/width=64,height=64,fit=crop,gravity=auto/upload/auto/carriers/icons/original/47.png",€756
250,Turkey,Antalya,16h 45m,2 stops,02:25,22:10,GZP,"https://jtc-fm.meta-cdn.net/cdn-cgi/image/width=64,height=64,fit=crop,gravity=auto/upload/auto/carriers/icons/original/22.png",€750
251,Turkey,Antalya,18h 50m,1 stop,09:55,07:45+1,GZP,"https://jtc-fm.meta-cdn.net/cdn-cgi/image/width=64,height=64,fit=crop,gravity=auto/upload/auto/carriers/icons/original/47.png",€757
252,Turkey,Antalya,18h 15m,2 stops,00:55,22:10,GZP,"https://jtc-fm.meta-cdn.net/cdn-cgi/image/width=64,height=64,fit=crop,gravity=auto/upload/auto/carriers/icons/original/372.png",€812
253,Turkey,Antalya,18h 15m,2 stops,00:55,22:10,GZP,"https://jtc-fm.meta-cdn.net/cdn-cgi/image/width=64,height=64,fit=crop,gravity=auto/upload/auto/carriers/icons/original/372.png",€812
254,Turkey,Antalya,26h 20m,2 stops,02:25,07:45+1,GZP,"https://jtc-fm.meta-cdn.net/cdn-cgi/image/width=64,height=64,fit=crop,gravity=auto/upload/auto/carriers/icons/original/22.png",€750
255,Turkey,Antalya,26h 20m,2 stops,02:25,07:45+1,GZP,"https://jtc-fm.meta-cdn.net/cdn-cgi/image/width=64,height=64,fit=crop,gravity=auto/upload/auto/carriers/icons/original/22.png",€750
256,Turkey,Antalya,15h 10m,2 stops,13:35,07:45+1,GZP,"https://jtc-fm.meta-cdn.net/cdn-cgi/image/width=64,height=64,fit=crop,gravity=auto/upload/auto/carriers/icons/original/372.png",€893
257,Turkey,Antalya,20h 5m,2 stops,23:05,22:10+1,GZP,"https://jtc-fm.meta-cdn.net/cdn-cgi/image/width=64,height=64,fit=crop,gravity=auto/upload/auto/carriers/icons/original/372.png",€880
258,Turkey,Antalya,20h 5m,2 stops,23:05,22:10+1,GZP,"https://jtc-fm.meta-cdn.net/cdn-cgi/image/width=64,height=64,fit=crop,gravity=auto/upload/auto/carriers/icons/original/372.png",€884
259,Turkey,Antalya,27h 50m,2 stops,00:55,07:45+1,GZP,"https://jtc-fm.meta-cdn.net/cdn-cgi/image/width=64,height=64,fit=crop,gravity=auto/upload/auto/carriers/icons/original/372.png",€811
260,Turkey,Bodrum,,XXXX,,,,,
261,Turkey,Bodrum,,XXXX,,,,,
262,Turkey,Bodrum,,XXXX,,,,,
263,Turkey,Bodrum,,XXXX,,,,,
264,Turkey,Bodrum,,XXXX,,,,,
265,Turkey,Bodrum,,XXXX,,,,,
266,Turkey,Bodrum,,XXXX,,,,,
267,Turkey,Bodrum,,XXXX,,,,,
268,Turkey,Bodrum,,XXXX,,,,,
269,Turkey,Bodrum,,XXXX,,,,,
270,Turkey,Bodrum,,XXXX,,,,,
271,Turkey,Bodrum,,XXXX,,,,,
272,Turkey,Bodrum,,XXXX,,,,,
273,Turkey,Bodrum,,XXXX,,,,,
274,Turkey,Bodrum,,XXXX,,,,,
275,Turkey,Bodrum,,XXXX,,,,,
276,Turkey,Bodrum,,XXXX,,,,,
277,Turkey,Bodrum,,XXXX,,,,,
278,Turkey,Bodrum,,XXXX,,,,,
279,Turkey,Bodrum,,XXXX,,,,,
280,Turkey,Dalaman,9h 40m,1 stop,01:10,13:50,DLM,"https://jtc-fm.meta-cdn.net/cdn-cgi/image/width=64,height=64,fit=crop,gravity=auto/upload/auto/carriers/icons/original/197.png",€142
281,Turkey,Dalaman,17h 10m,1 stop,01:10,21:20,DLM,"https://jtc-fm.meta-cdn.net/cdn-cgi/image/width=64,height=64,fit=crop,gravity=auto/upload/auto/carriers/icons/original/197.png",€142
282,Turkey,Dalaman,21h 30m,1 stop,01:10,01:40+1,DLM,"https://jtc-fm.meta-cdn.net/cdn-cgi/image/width=64,height=64,fit=crop,gravity=auto/upload/auto/carriers/icons/original/197.png",€157
283,Turkey,Dalaman,28h 10m,1 stop,01:10,08:20+1,DLM,"https://jtc-fm.meta-cdn.net/cdn-cgi/image/width=64,height=64,fit=crop,gravity=auto/upload/auto/carriers/icons/original/197.png",€174
284,Turkey,Dalaman,12h 55m,1 stop,17:10,09:05+1,DLM,"https://jtc-fm.meta-cdn.net/cdn-cgi/image/width=64,height=64,fit=crop,gravity=auto/upload/auto/carriers/icons/original/47.png",€384
285,Turkey,Dalaman,13h 20m,2 stops,17:10,09:30+1,DLM,"https://jtc-fm.meta-cdn.net/cdn-cgi/image/width=64,height=64,fit=crop,gravity=auto/upload/auto/carriers/icons/original/47.png",€419
286,Turkey,Dalaman,8h 5m,1 stop,09:55,21:00,DLM,"https://jtc-fm.meta-cdn.net/cdn-cgi/image/width=64,height=64,fit=crop,gravity=auto/upload/auto/carriers/icons/original/62.png",€496
287,Turkey,Dalaman,20h 15m,1 stop,17:10,16:25+1,DLM,"https://jtc-fm.meta-cdn.net/cdn-cgi/image/width=64,height=64,fit=crop,gravity=auto/upload/auto/carriers/icons/original/47.png",€392
288,Turkey,Dalaman,15h ,2 stops,02:35,20:35,DLM,"https://jtc-fm.meta-cdn.net/cdn-cgi/image/width=64,height=64,fit=crop,gravity=auto/upload/auto/carriers/icons/original/112.png",€479
289,Turkey,Dalaman,15h 25m,2 stops,02:35,21:00,DLM,"https://jtc-fm.meta-cdn.net/cdn-cgi/image/width=64,height=64,fit=crop,gravity=auto/upload/auto/carriers/icons/original/112.png",€477
290,Turkey,Dalaman,24h 45m,1 stop,17:10,20:55+1,DLM,"https://jtc-fm.meta-cdn.net/cdn-cgi/image/width=64,height=64,fit=crop,gravity=auto/upload/auto/carriers/icons/original/47.png",€392
291,Turkey,Dalaman,20h 10m,1 stop,09:55,09:05+1,DLM,"https://jtc-fm.meta-cdn.net/cdn-cgi/image/width=64,height=64,fit=crop,gravity=auto/upload/auto/carriers/icons/original/62.png",€499
292,Turkey,Dalaman,27h 30m,2 stops,02:35,09:05+1,DLM,"https://jtc-fm.meta-cdn.net/cdn-cgi/image/width=64,height=64,fit=crop,gravity=auto/upload/auto/carriers/icons/original/112.png",€477
293,Turkey,Dalaman,27h 30m,1 stop,09:55,16:25+1,DLM,"https://jtc-fm.meta-cdn.net/cdn-cgi/image/width=64,height=64,fit=crop,gravity=auto/upload/auto/carriers/icons/original/62.png",€499
294,Turkey,Dalaman,14h 20m,2 stops,23:05,16:25+1,DLM,"https://jtc-fm.meta-cdn.net/cdn-cgi/image/width=64,height=64,fit=crop,gravity=auto/upload/auto/carriers/icons/original/372.png",€655
295,Turkey,Dalaman,8h 5m,1 stop,09:55,21:00,DLM,"https://jtc-fm.meta-cdn.net/cdn-cgi/image/width=64,height=64,fit=crop,gravity=auto/upload/auto/carriers/icons/original/47.png",€756
296,Turkey,Dalaman,18h 50m,2 stops,23:05,20:55+1,DLM,"https://jtc-fm.meta-cdn.net/cdn-cgi/image/width=64,height=64,fit=crop,gravity=auto/upload/auto/carriers/icons/original/372.png",€655
297,Turkey,Dalaman,18h 50m,2 stops,23:05,20:55+1,DLM,"https://jtc-fm.meta-cdn.net/cdn-cgi/image/width=64,height=64,fit=crop,gravity=auto/upload/auto/carriers/icons/original/372.png",€655
298,Turkey,Dalaman,20h 35m,2 stops,09:55,09:30+1,DLM,"https://jtc-fm.meta-cdn.net/cdn-cgi/image/width=64,height=64,fit=crop,gravity=auto/upload/auto/carriers/icons/original/62.png",€687
299,Turkey,Dalaman,16h 40m,2 stops,00:55,20:35,DLM,"https://jtc-fm.meta-cdn.net/cdn-cgi/image/width=64,height=64,fit=crop,gravity=auto/upload/auto/carriers/icons/original/372.png",€753
300,Turkey,Erzurum,14h 45m,1 stop,17:10,10:55+1,ERZ,"https://jtc-fm.meta-cdn.net/cdn-cgi/image/width=64,height=64,fit=crop,gravity=auto/upload/auto/carriers/icons/original/47.png",€394
301,Turkey,Erzurum,14h 55m,1 stop,17:10,11:05+1,ERZ,"https://jtc-fm.meta-cdn.net/cdn-cgi/image/width=64,height=64,fit=crop,gravity=auto/upload/auto/carriers/icons/original/47.png",€392
302,Turkey,Erzurum,7h 10m,1 stop,09:55,20:05,ERZ,"https://jtc-fm.meta-cdn.net/cdn-cgi/image/width=64,height=64,fit=crop,gravity=auto/upload/auto/carriers/icons/original/62.png",€513
303,Turkey,Erzurum,28h 25m,1 stop,01:10,08:35+1,ERZ,"https://jtc-fm.meta-cdn.net/cdn-cgi/image/width=64,height=64,fit=crop,gravity=auto/upload/auto/carriers/icons/original/197.png",€205
304,Turkey,Erzurum,13h 40m,2 stops,17:10,09:50+1,ERZ,"https://jtc-fm.meta-cdn.net/cdn-cgi/image/width=64,height=64,fit=crop,gravity=auto/upload/auto/carriers/icons/original/47.png",€426
305,Turkey,Erzurum,14h 30m,2 stops,02:35,20:05,ERZ,"https://jtc-fm.meta-cdn.net/cdn-cgi/image/width=64,height=64,fit=crop,gravity=auto/upload/auto/carriers/icons/original/112.png",€477
306,Turkey,Erzurum,18h 35m,2 stops,17:10,14:45+1,ERZ,"https://jtc-fm.meta-cdn.net/cdn-cgi/image/width=64,height=64,fit=crop,gravity=auto/upload/auto/carriers/icons/original/47.png",€431
307,Turkey,Erzurum,18h 35m,2 stops,17:10,14:45+1,ERZ,"https://jtc-fm.meta-cdn.net/cdn-cgi/image/width=64,height=64,fit=crop,gravity=auto/upload/auto/carriers/icons/original/47.png",€431
308,Turkey,Erzurum,23h 40m,1 stop,17:10,19:50+1,ERZ,"https://jtc-fm.meta-cdn.net/cdn-cgi/image/width=64,height=64,fit=crop,gravity=auto/upload/auto/carriers/icons/original/47.png",€394
309,Turkey,Erzurum,23h 55m,1 stop,17:10,20:05+1,ERZ,"https://jtc-fm.meta-cdn.net/cdn-cgi/image/width=64,height=64,fit=crop,gravity=auto/upload/auto/carriers/icons/original/47.png",€392
310,Turkey,Erzurum,15h 25m,2 stops,02:35,21:00,ERZ,"https://jtc-fm.meta-cdn.net/cdn-cgi/image/width=64,height=64,fit=crop,gravity=auto/upload/auto/carriers/icons/original/112.png",€594
311,Turkey,Erzurum,22h ,1 stop,09:55,10:55+1,ERZ,"https://jtc-fm.meta-cdn.net/cdn-cgi/image/width=64,height=64,fit=crop,gravity=auto/upload/auto/carriers/icons/original/62.png",€515
312,Turkey,Erzurum,22h 10m,1 stop,09:55,11:05+1,ERZ,"https://jtc-fm.meta-cdn.net/cdn-cgi/image/width=64,height=64,fit=crop,gravity=auto/upload/auto/carriers/icons/original/62.png",€513
313,Turkey,Erzurum,7h 10m,1 stop,09:55,20:05,ERZ,"https://jtc-fm.meta-cdn.net/cdn-cgi/image/width=64,height=64,fit=crop,gravity=auto/upload/auto/carriers/icons/original/47.png",€761
314,Turkey,Erzurum,29h 30m,2 stops,02:35,11:05+1,ERZ,"https://jtc-fm.meta-cdn.net/cdn-cgi/image/width=64,height=64,fit=crop,gravity=auto/upload/auto/carriers/icons/original/112.png",€477
315,Turkey,Erzurum,20h 55m,2 stops,09:55,09:50+1,ERZ,"https://jtc-fm.meta-cdn.net/cdn-cgi/image/width=64,height=64,fit=crop,gravity=auto/upload/auto/carriers/icons/original/62.png",€710
316,Turkey,Erzurum,20h 55m,2 stops,09:55,09:50+1,ERZ,"https://jtc-fm.meta-cdn.net/cdn-cgi/image/width=64,height=64,fit=crop,gravity=auto/upload/auto/carriers/icons/original/62.png",€710
317,Turkey,Erzurum,20h 55m,2 stops,09:55,09:50+1,ERZ,"https://jtc-fm.meta-cdn.net/cdn-cgi/image/width=64,height=64,fit=crop,gravity=auto/upload/auto/carriers/icons/original/62.png",€710
318,Turkey,Erzurum,29h 30m,2 stops,02:25,10:55+1,ERZ,"https://jtc-fm.meta-cdn.net/cdn-cgi/image/width=64,height=64,fit=crop,gravity=auto/upload/auto/carriers/icons/original/22.png",€615
319,Turkey,Erzurum,29h 30m,2 stops,02:25,10:55+1,ERZ,"https://jtc-fm.meta-cdn.net/cdn-cgi/image/width=64,height=64,fit=crop,gravity=auto/upload/auto/carriers/icons/original/22.png",€615
320,Turkey,Gaziantep,17h 15m,1 stop,01:10,21:25,GZT,"https://jtc-fm.meta-cdn.net/cdn-cgi/image/width=64,height=64,fit=crop,gravity=auto/upload/auto/carriers/icons/original/197.png",€148
321,Turkey,Gaziantep,12h 45m,2 stops,01:10,16:55,GZT,"https://jtc-fm.meta-cdn.net/cdn-cgi/image/width=64,height=64,fit=crop,gravity=auto/upload/auto/carriers/icons/original/197.png",€242
322,Turkey,Gaziantep,7h 50m,1 stop,17:10,04:00+1,GZT,"https://jtc-fm.meta-cdn.net/cdn-cgi/image/width=64,height=64,fit=crop,gravity=auto/upload/auto/carriers/icons/original/47.png",€392
323,Turkey,Gaziantep,12h 20m,1 stop,17:10,08:30+1,GZT,"https://jtc-fm.meta-cdn.net/cdn-cgi/image/width=64,height=64,fit=crop,gravity=auto/upload/auto/carriers/icons/original/47.png",€392
324,Turkey,Gaziantep,12h 30m,1 stop,17:10,08:40+1,GZT,"https://jtc-fm.meta-cdn.net/cdn-cgi/image/width=64,height=64,fit=crop,gravity=auto/upload/auto/carriers/icons/original/47.png",€394
325,Turkey,Gaziantep,28h 50m,1 stop,01:10,09:00+1,GZT,"https://jtc-fm.meta-cdn.net/cdn-cgi/image/width=64,height=64,fit=crop,gravity=auto/upload/auto/carriers/icons/original/197.png",€205
326,Turkey,Gaziantep,15h 5m,1 stop,17:10,11:15+1,GZT,"https://jtc-fm.meta-cdn.net/cdn-cgi/image/width=64,height=64,fit=crop,gravity=auto/upload/auto/carriers/icons/original/47.png",€392
327,Turkey,Gaziantep,7h 30m,1 stop,09:55,20:25,GZT,"https://jtc-fm.meta-cdn.net/cdn-cgi/image/width=64,height=64,fit=crop,gravity=auto/upload/auto/carriers/icons/original/62.png",€513
328,Turkey,Gaziantep,18h 50m,1 stop,17:10,15:00+1,GZT,"https://jtc-fm.meta-cdn.net/cdn-cgi/image/width=64,height=64,fit=crop,gravity=auto/upload/auto/carriers/icons/original/47.png",€392
329,Turkey,Gaziantep,10h ,1 stop,09:55,22:55,GZT,"https://jtc-fm.meta-cdn.net/cdn-cgi/image/width=64,height=64,fit=crop,gravity=auto/upload/auto/carriers/icons/original/62.png",€513
330,Turkey,Gaziantep,21h 20m,1 stop,17:10,17:30+1,GZT,"https://jtc-fm.meta-cdn.net/cdn-cgi/image/width=64,height=64,fit=crop,gravity=auto/upload/auto/carriers/icons/original/47.png",€392
331,Turkey,Gaziantep,11h 40m,1 stop,09:55,00:35+1,GZT,"https://jtc-fm.meta-cdn.net/cdn-cgi/image/width=64,height=64,fit=crop,gravity=auto/upload/auto/carriers/icons/original/62.png",€515
332,Turkey,Gaziantep,24h 15m,1 stop,17:10,20:25+1,GZT,"https://jtc-fm.meta-cdn.net/cdn-cgi/image/width=64,height=64,fit=crop,gravity=auto/upload/auto/carriers/icons/original/47.png",€392
333,Turkey,Gaziantep,15h 5m,1 stop,09:55,04:00+1,GZT,"https://jtc-fm.meta-cdn.net/cdn-cgi/image/width=64,height=64,fit=crop,gravity=auto/upload/auto/carriers/icons/original/62.png",€513
334,Turkey,Gaziantep,9h 25m,2 stops,02:35,15:00,GZT,"https://jtc-fm.meta-cdn.net/cdn-cgi/image/width=64,height=64,fit=crop,gravity=auto/upload/auto/carriers/icons/original/112.png",€592
335,Turkey,Gaziantep,26h 45m,1 stop,17:10,22:55+1,GZT,"https://jtc-fm.meta-cdn.net/cdn-cgi/image/width=64,height=64,fit=crop,gravity=auto/upload/auto/carriers/icons/original/47.png",€400
336,Turkey,Gaziantep,11h 55m,2 stops,02:35,17:30,GZT,"https://jtc-fm.meta-cdn.net/cdn-cgi/image/width=64,height=64,fit=crop,gravity=auto/upload/auto/carriers/icons/original/112.png",€592
337,Turkey,Gaziantep,19h 35m,1 stop,09:55,08:30+1,GZT,"https://jtc-fm.meta-cdn.net/cdn-cgi/image/width=64,height=64,fit=crop,gravity=auto/upload/auto/carriers/icons/original/62.png",€513
338,Turkey,Gaziantep,28h 25m,1 stop,17:10,00:35+2,GZT,"https://jtc-fm.meta-cdn.net/cdn-cgi/image/width=64,height=64,fit=crop,gravity=auto/upload/auto/carriers/icons/original/47.png",€402
339,Turkey,Gaziantep,19h 45m,1 stop,09:55,08:40+1,GZT,"https://jtc-fm.meta-cdn.net/cdn-cgi/image/width=64,height=64,fit=crop,gravity=auto/upload/auto/carriers/icons/original/62.png",€515
340,Turkey,Istanbul,3h 45m,Direct,01:10,07:55,SAW,"https://jtc-fm.meta-cdn.net/cdn-cgi/image/width=64,height=64,fit=crop,gravity=auto/upload/auto/carriers/icons/original/197.png",€114
341,Turkey,Istanbul,4h 40m,Direct,15:50,23:30,SAW,"https://jtc-fm.meta-cdn.net/cdn-cgi/image/width=64,height=64,fit=crop,gravity=auto/upload/auto/carriers/icons/original/187.png",€245
342,Turkey,Istanbul,5h 45m,1 stop,02:35,11:20,IST,"https://jtc-fm.meta-cdn.net/cdn-cgi/image/width=64,height=64,fit=crop,gravity=auto/upload/auto/carriers/icons/original/112.png",€248
343,Turkey,Istanbul,3h 45m,Direct,09:55,16:40,IST,"https://jtc-fm.meta-cdn.net/cdn-cgi/image/width=64,height=64,fit=crop,gravity=auto/upload/auto/carriers/icons/original/62.png",€313
344,Turkey,Istanbul,3h 35m,Direct,17:10,23:45,IST,"https://jtc-fm.meta-cdn.net/cdn-cgi/image/width=64,height=64,fit=crop,gravity=auto/upload/auto/carriers/icons/original/47.png",€318
345,Turkey,Istanbul,12h 20m,1 stop,02:25,17:45,IST,"https://jtc-fm.meta-cdn.net/cdn-cgi/image/width=64,height=64,fit=crop,gravity=auto/upload/auto/carriers/icons/original/22.png",€217
346,Turkey,Istanbul,17h 10m,1 stop,02:25,22:35,IST,"https://jtc-fm.meta-cdn.net/cdn-cgi/image/width=64,height=64,fit=crop,gravity=auto/upload/auto/carriers/icons/original/22.png",€201
347,Turkey,Istanbul,19h 55m,1 stop,18:15,17:10+1,SAW,"https://jtc-fm.meta-cdn.net/cdn-cgi/image/width=64,height=64,fit=crop,gravity=auto/upload/auto/carriers/icons/original/2777.png",€176
348,Turkey,Istanbul,9h 5m,1 stop,00:55,13:00,IST,"https://jtc-fm.meta-cdn.net/cdn-cgi/image/width=64,height=64,fit=crop,gravity=auto/upload/auto/carriers/icons/original/372.png",€448
349,Turkey,Istanbul,18h 50m,1 stop,19:15,17:05+1,IST,"https://jtc-fm.meta-cdn.net/cdn-cgi/image/width=64,height=64,fit=crop,gravity=auto/upload/auto/carriers/icons/original/7.png",€251
350,Turkey,Istanbul,24h 15m,1 stop,18:15,21:30+1,SAW,"https://jtc-fm.meta-cdn.net/cdn-cgi/image/width=64,height=64,fit=crop,gravity=auto/upload/auto/carriers/icons/original/2777.png",€177
351,Turkey,Istanbul,8h 35m,2 stops,11:00,22:35,IST,"https://jtc-fm.meta-cdn.net/cdn-cgi/image/width=64,height=64,fit=crop,gravity=auto/upload/auto/carriers/icons/original/62.png",€488
352,Turkey,Istanbul,13h 55m,1 stop,00:55,17:50,IST,"https://jtc-fm.meta-cdn.net/cdn-cgi/image/width=64,height=64,fit=crop,gravity=auto/upload/auto/carriers/icons/original/372.png",€448
353,Turkey,Istanbul,21h 30m,1 stop,16:35,17:05+1,IST,"https://jtc-fm.meta-cdn.net/cdn-cgi/image/width=64,height=64,fit=crop,gravity=auto/upload/auto/carriers/icons/original/7.png",€299
354,Turkey,Istanbul,10h 55m,1 stop,23:05,13:00+1,IST,"https://jtc-fm.meta-cdn.net/cdn-cgi/image/width=64,height=64,fit=crop,gravity=auto/upload/auto/carriers/icons/original/372.png",€518
355,Turkey,Istanbul,3h 45m,Direct,09:55,16:40,IST,"https://jtc-fm.meta-cdn.net/cdn-cgi/image/width=64,height=64,fit=crop,gravity=auto/upload/auto/carriers/icons/original/47.png",€689
356,Turkey,Istanbul,10h 15m,1 stop,13:35,02:50+1,IST,"https://jtc-fm.meta-cdn.net/cdn-cgi/image/width=64,height=64,fit=crop,gravity=auto/upload/auto/carriers/icons/original/372.png",€568
357,Turkey,Istanbul,20h 5m,2 stops,19:00,18:05+1,IST,"https://jtc-fm.meta-cdn.net/cdn-cgi/image/width=64,height=64,fit=crop,gravity=auto/upload/auto/carriers/icons/original/62.png",€381
358,Turkey,Istanbul,15h 30m,1 stop,23:05,17:35+1,IST,"https://jtc-fm.meta-cdn.net/cdn-cgi/image/width=64,height=64,fit=crop,gravity=auto/upload/auto/carriers/icons/original/372.png",€498
359,Turkey,Istanbul,18h 40m,2 stops,19:15,16:55+1,IST,"https://jtc-fm.meta-cdn.net/cdn-cgi/image/width=64,height=64,fit=crop,gravity=auto/upload/auto/carriers/icons/original/7.png",€448
360,Turkey,İzmir,7h 25m,1 stop,01:10,11:35,ADB,"https://jtc-fm.meta-cdn.net/cdn-cgi/image/width=64,height=64,fit=crop,gravity=auto/upload/auto/carriers/icons/original/197.png",€136
361,Turkey,İzmir,10h 15m,1 stop,01:10,14:25,ADB,"https://jtc-fm.meta-cdn.net/cdn-cgi/image/width=64,height=64,fit=crop,gravity=auto/upload/auto/carriers/icons/original/197.png",€136
362,Turkey,İzmir,11h 50m,1 stop,01:10,16:00,ADB,"https://jtc-fm.meta-cdn.net/cdn-cgi/image/width=64,height=64,fit=crop,gravity=auto/upload/auto/carriers/icons/original/197.png",€176
363,Turkey,İzmir,15h 45m,1 stop,01:10,19:55,ADB,"https://jtc-fm.meta-cdn.net/cdn-cgi/image/width=64,height=64,fit=crop,gravity=auto/upload/auto/carriers/icons/original/197.png",€136
364,Turkey,İzmir,14h 50m,1 stop,01:10,19:00,ADB,"https://jtc-fm.meta-cdn.net/cdn-cgi/image/width=64,height=64,fit=crop,gravity=auto/upload/auto/carriers/icons/original/197.png",€176
365,Turkey,İzmir,17h 5m,1 stop,01:10,21:15,ADB,"https://jtc-fm.meta-cdn.net/cdn-cgi/image/width=64,height=64,fit=crop,gravity=auto/upload/auto/carriers/icons/original/197.png",€168
366,Turkey,İzmir,16h 55m,1 stop,01:10,21:05,ADB,"https://jtc-fm.meta-cdn.net/cdn-cgi/image/width=64,height=64,fit=crop,gravity=auto/upload/auto/carriers/icons/original/197.png",€176
367,Turkey,İzmir,13h 20m,2 stops,01:10,17:30,ADB,"https://jtc-fm.meta-cdn.net/cdn-cgi/image/width=64,height=64,fit=crop,gravity=auto/upload/auto/carriers/icons/original/197.png",€208
368,Turkey,İzmir,18h 25m,1 stop,01:10,22:35,ADB,"https://jtc-fm.meta-cdn.net/cdn-cgi/image/width=64,height=64,fit=crop,gravity=auto/upload/auto/carriers/icons/original/197.png",€176
369,Turkey,İzmir,20h 55m,1 stop,01:10,01:05+1,ADB,"https://jtc-fm.meta-cdn.net/cdn-cgi/image/width=64,height=64,fit=crop,gravity=auto/upload/auto/carriers/icons/original/197.png",€176
370,Turkey,İzmir,19h 25m,2 stops,01:10,23:35,ADB,"https://jtc-fm.meta-cdn.net/cdn-cgi/image/width=64,height=64,fit=crop,gravity=auto/upload/auto/carriers/icons/original/197.png",€208
371,Turkey,İzmir,19h 25m,2 stops,01:10,23:35,ADB,"https://jtc-fm.meta-cdn.net/cdn-cgi/image/width=64,height=64,fit=crop,gravity=auto/upload/auto/carriers/icons/original/197.png",€208
372,Turkey,İzmir,19h 25m,2 stops,01:10,23:35,ADB,"https://jtc-fm.meta-cdn.net/cdn-cgi/image/width=64,height=64,fit=crop,gravity=auto/upload/auto/carriers/icons/original/197.png",€208
373,Turkey,İzmir,19h 45m,2 stops,01:10,23:55,ADB,"https://jtc-fm.meta-cdn.net/cdn-cgi/image/width=64,height=64,fit=crop,gravity=auto/upload/auto/carriers/icons/original/197.png",€217
374,Turkey,İzmir,19h 45m,2 stops,01:10,23:55,ADB,"https://jtc-fm.meta-cdn.net/cdn-cgi/image/width=64,height=64,fit=crop,gravity=auto/upload/auto/carriers/icons/original/197.png",€217
375,Turkey,İzmir,19h 45m,2 stops,01:10,23:55,ADB,"https://jtc-fm.meta-cdn.net/cdn-cgi/image/width=64,height=64,fit=crop,gravity=auto/upload/auto/carriers/icons/original/197.png",€217
376,Turkey,İzmir,19h 45m,2 stops,01:10,23:55,ADB,"https://jtc-fm.meta-cdn.net/cdn-cgi/image/width=64,height=64,fit=crop,gravity=auto/upload/auto/carriers/icons/original/197.png",€217
377,Turkey,İzmir,19h 45m,2 stops,01:10,23:55,ADB,"https://jtc-fm.meta-cdn.net/cdn-cgi/image/width=64,height=64,fit=crop,gravity=auto/upload/auto/carriers/icons/original/197.png",€217
378,Turkey,İzmir,7h 5m,1 stop,17:10,03:15+1,ADB,"https://jtc-fm.meta-cdn.net/cdn-cgi/image/width=64,height=64,fit=crop,gravity=auto/upload/auto/carriers/icons/original/47.png",€392
379,Turkey,İzmir,27h 5m,1 stop,01:10,07:15+1,ADB,"https://jtc-fm.meta-cdn.net/cdn-cgi/image/width=64,height=64,fit=crop,gravity=auto/upload/auto/carriers/icons/original/197.png",€176
380,Turkey,Kayseri,9h 15m,1 stop,01:10,13:25,ASR,"https://jtc-fm.meta-cdn.net/cdn-cgi/image/width=64,height=64,fit=crop,gravity=auto/upload/auto/carriers/icons/original/197.png",€141
381,Turkey,Kayseri,15h 10m,1 stop,01:10,19:20,ASR,"https://jtc-fm.meta-cdn.net/cdn-cgi/image/width=64,height=64,fit=crop,gravity=auto/upload/auto/carriers/icons/original/197.png",€141
382,Turkey,Kayseri,16h 45m,1 stop,01:10,20:55,ASR,"https://jtc-fm.meta-cdn.net/cdn-cgi/image/width=64,height=64,fit=crop,gravity=auto/upload/auto/carriers/icons/original/197.png",€180
383,Turkey,Kayseri,15h 40m,2 stops,01:10,19:50,ASR,"https://jtc-fm.meta-cdn.net/cdn-cgi/image/width=64,height=64,fit=crop,gravity=auto/upload/auto/carriers/icons/original/197.png",€217
384,Turkey,Kayseri,20h 50m,1 stop,01:10,01:00+1,ASR,"https://jtc-fm.meta-cdn.net/cdn-cgi/image/width=64,height=64,fit=crop,gravity=auto/upload/auto/carriers/icons/original/197.png",€180
385,Turkey,Kayseri,15h 40m,2 stops,01:10,19:50,ASR,"https://jtc-fm.meta-cdn.net/cdn-cgi/image/width=64,height=64,fit=crop,gravity=auto/upload/auto/carriers/icons/original/197.png",€245
386,Turkey,Kayseri,15h 40m,2 stops,01:10,19:50,ASR,"https://jtc-fm.meta-cdn.net/cdn-cgi/image/width=64,height=64,fit=crop,gravity=auto/upload/auto/carriers/icons/original/197.png",€245
387,Turkey,Kayseri,29h 5m,1 stop,01:10,09:15+1,ASR,"https://jtc-fm.meta-cdn.net/cdn-cgi/image/width=64,height=64,fit=crop,gravity=auto/upload/auto/carriers/icons/original/197.png",€180
388,Turkey,Kayseri,12h 20m,1 stop,17:10,08:30+1,ASR,"https://jtc-fm.meta-cdn.net/cdn-cgi/image/width=64,height=64,fit=crop,gravity=auto/upload/auto/carriers/icons/original/47.png",€394
389,Turkey,Kayseri,12h 50m,1 stop,17:10,09:00+1,ASR,"https://jtc-fm.meta-cdn.net/cdn-cgi/image/width=64,height=64,fit=crop,gravity=auto/upload/auto/carriers/icons/original/47.png",€392
390,Turkey,Kayseri,15h 10m,1 stop,17:10,11:20+1,ASR,"https://jtc-fm.meta-cdn.net/cdn-cgi/image/width=64,height=64,fit=crop,gravity=auto/upload/auto/carriers/icons/original/47.png",€392
391,Turkey,Kayseri,7h 25m,1 stop,09:55,20:20,ASR,"https://jtc-fm.meta-cdn.net/cdn-cgi/image/width=64,height=64,fit=crop,gravity=auto/upload/auto/carriers/icons/original/62.png",€513
392,Turkey,Kayseri,31h 55m,2 stops,01:10,12:05+1,ASR,"https://jtc-fm.meta-cdn.net/cdn-cgi/image/width=64,height=64,fit=crop,gravity=auto/upload/auto/carriers/icons/original/197.png",€217
393,Turkey,Kayseri,9h 15m,1 stop,09:55,22:10,ASR,"https://jtc-fm.meta-cdn.net/cdn-cgi/image/width=64,height=64,fit=crop,gravity=auto/upload/auto/carriers/icons/original/62.png",€513
394,Turkey,Kayseri,19h 40m,1 stop,17:10,15:50+1,ASR,"https://jtc-fm.meta-cdn.net/cdn-cgi/image/width=64,height=64,fit=crop,gravity=auto/upload/auto/carriers/icons/original/47.png",€392
395,Turkey,Kayseri,10h 5m,1 stop,09:55,23:00,ASR,"https://jtc-fm.meta-cdn.net/cdn-cgi/image/width=64,height=64,fit=crop,gravity=auto/upload/auto/carriers/icons/original/62.png",€515
396,Turkey,Kayseri,31h 55m,2 stops,01:10,12:05+1,ASR,"https://jtc-fm.meta-cdn.net/cdn-cgi/image/width=64,height=64,fit=crop,gravity=auto/upload/auto/carriers/icons/original/197.png",€245
397,Turkey,Kayseri,31h 55m,2 stops,01:10,12:05+1,ASR,"https://jtc-fm.meta-cdn.net/cdn-cgi/image/width=64,height=64,fit=crop,gravity=auto/upload/auto/carriers/icons/original/197.png",€245
398,Turkey,Kayseri,31h 55m,2 stops,01:10,12:05+1,ASR,"https://jtc-fm.meta-cdn.net/cdn-cgi/image/width=64,height=64,fit=crop,gravity=auto/upload/auto/carriers/icons/original/197.png",€245
399,Turkey,Kayseri,31h 55m,2 stops,01:10,12:05+1,ASR,"https://jtc-fm.meta-cdn.net/cdn-cgi/image/width=64,height=64,fit=crop,gravity=auto/upload/auto/carriers/icons/original/197.png",€245
400,Turkey,Nevsehir,12h 50m,1 stop,17:10,09:00+1,NAV,"https://jtc-fm.meta-cdn.net/cdn-cgi/image/width=64,height=64,fit=crop,gravity=auto/upload/auto/carriers/icons/original/47.png",€386
401,Turkey,Nevsehir,7h 55m,1 stop,09:55,20:50,NAV,"https://jtc-fm.meta-cdn.net/cdn-cgi/image/width=64,height=64,fit=crop,gravity=auto/upload/auto/carriers/icons/original/62.png",€501
402,Turkey,Nevsehir,19h 45m,1 stop,17:10,15:55+1,NAV,"https://jtc-fm.meta-cdn.net/cdn-cgi/image/width=64,height=64,fit=crop,gravity=auto/upload/auto/carriers/icons/original/47.png",€386
403,Turkey,Nevsehir,14h 30m,2 stops,02:35,20:05,NAV,"https://jtc-fm.meta-cdn.net/cdn-cgi/image/width=64,height=64,fit=crop,gravity=auto/upload/auto/carriers/icons/original/112.png",€479
404,Turkey,Nevsehir,15h 15m,2 stops,02:35,20:50,NAV,"https://jtc-fm.meta-cdn.net/cdn-cgi/image/width=64,height=64,fit=crop,gravity=auto/upload/auto/carriers/icons/original/112.png",€472
405,Turkey,Nevsehir,23h 55m,1 stop,17:10,20:05+1,NAV,"https://jtc-fm.meta-cdn.net/cdn-cgi/image/width=64,height=64,fit=crop,gravity=auto/upload/auto/carriers/icons/original/47.png",€390
406,Turkey,Nevsehir,24h 40m,1 stop,17:10,20:50+1,NAV,"https://jtc-fm.meta-cdn.net/cdn-cgi/image/width=64,height=64,fit=crop,gravity=auto/upload/auto/carriers/icons/original/47.png",€388
407,Turkey,Nevsehir,20h 5m,1 stop,09:55,09:00+1,NAV,"https://jtc-fm.meta-cdn.net/cdn-cgi/image/width=64,height=64,fit=crop,gravity=auto/upload/auto/carriers/icons/original/62.png",€498
408,Turkey,Nevsehir,27h 25m,2 stops,02:35,09:00+1,NAV,"https://jtc-fm.meta-cdn.net/cdn-cgi/image/width=64,height=64,fit=crop,gravity=auto/upload/auto/carriers/icons/original/112.png",€472
409,Turkey,Nevsehir,27h ,1 stop,09:55,15:55+1,NAV,"https://jtc-fm.meta-cdn.net/cdn-cgi/image/width=64,height=64,fit=crop,gravity=auto/upload/auto/carriers/icons/original/62.png",€498
410,Turkey,Nevsehir,7h 55m,1 stop,09:55,20:50,NAV,"https://jtc-fm.meta-cdn.net/cdn-cgi/image/width=64,height=64,fit=crop,gravity=auto/upload/auto/carriers/icons/original/47.png",€759
411,Turkey,Nevsehir,15h 25m,2 stops,02:25,20:50,NAV,"https://jtc-fm.meta-cdn.net/cdn-cgi/image/width=64,height=64,fit=crop,gravity=auto/upload/auto/carriers/icons/original/22.png",€758
412,Turkey,Nevsehir,20h 5m,1 stop,09:55,09:00+1,NAV,"https://jtc-fm.meta-cdn.net/cdn-cgi/image/width=64,height=64,fit=crop,gravity=auto/upload/auto/carriers/icons/original/47.png",€759
413,Turkey,Nevsehir,27h 35m,2 stops,02:25,09:00+1,NAV,"https://jtc-fm.meta-cdn.net/cdn-cgi/image/width=64,height=64,fit=crop,gravity=auto/upload/auto/carriers/icons/original/22.png",€678
414,Turkey,Nevsehir,27h ,1 stop,09:55,15:55+1,NAV,"https://jtc-fm.meta-cdn.net/cdn-cgi/image/width=64,height=64,fit=crop,gravity=auto/upload/auto/carriers/icons/original/47.png",€759
415,Turkey,Nevsehir,16h 10m,2 stops,00:55,20:05,NAV,"https://jtc-fm.meta-cdn.net/cdn-cgi/image/width=64,height=64,fit=crop,gravity=auto/upload/auto/carriers/icons/original/372.png",€896
416,Turkey,Nevsehir,16h 25m,2 stops,13:35,09:00+1,NAV,"https://jtc-fm.meta-cdn.net/cdn-cgi/image/width=64,height=64,fit=crop,gravity=auto/upload/auto/carriers/icons/original/372.png",€893
417,Turkey,Nevsehir,38h 40m,2 stops,02:25,20:05+1,NAV,"https://jtc-fm.meta-cdn.net/cdn-cgi/image/width=64,height=64,fit=crop,gravity=auto/upload/auto/carriers/icons/original/22.png",€615
418,Turkey,Nevsehir,27h 35m,2 stops,02:25,09:00+1,NAV,"https://jtc-fm.meta-cdn.net/cdn-cgi/image/width=64,height=64,fit=crop,gravity=auto/upload/auto/carriers/icons/original/22.png",€758
419,Turkey,Nevsehir,16h 55m,2 stops,00:55,20:50,NAV,"https://jtc-fm.meta-cdn.net/cdn-cgi/image/width=64,height=64,fit=crop,gravity=auto/upload/auto/carriers/icons/original/372.png",€893
420,Turkey,Samsun,14h 45m,1 stop,01:10,18:55,SZF,"https://jtc-fm.meta-cdn.net/cdn-cgi/image/width=64,height=64,fit=crop,gravity=auto/upload/auto/carriers/icons/original/197.png",€152
421,Turkey,Samsun,17h 50m,1 stop,01:10,22:00,SZF,"https://jtc-fm.meta-cdn.net/cdn-cgi/image/width=64,height=64,fit=crop,gravity=auto/upload/auto/carriers/icons/original/197.png",€189
422,Turkey,Samsun,7h 10m,1 stop,17:10,03:20+1,SZF,"https://jtc-fm.meta-cdn.net/cdn-cgi/image/width=64,height=64,fit=crop,gravity=auto/upload/auto/carriers/icons/original/47.png",€392
423,Turkey,Samsun,12h 40m,1 stop,17:10,08:50+1,SZF,"https://jtc-fm.meta-cdn.net/cdn-cgi/image/width=64,height=64,fit=crop,gravity=auto/upload/auto/carriers/icons/original/47.png",€392
424,Turkey,Samsun,27h 50m,1 stop,01:10,08:00+1,SZF,"https://jtc-fm.meta-cdn.net/cdn-cgi/image/width=64,height=64,fit=crop,gravity=auto/upload/auto/carriers/icons/original/197.png",€189
425,Turkey,Samsun,14h 10m,1 stop,17:10,10:20+1,SZF,"https://jtc-fm.meta-cdn.net/cdn-cgi/image/width=64,height=64,fit=crop,gravity=auto/upload/auto/carriers/icons/original/47.png",€394
426,Turkey,Samsun,10h 10m,2 stops,02:35,15:45,SZF,"https://jtc-fm.meta-cdn.net/cdn-cgi/image/width=64,height=64,fit=crop,gravity=auto/upload/auto/carriers/icons/original/112.png",€477
427,Turkey,Samsun,19h 35m,1 stop,17:10,15:45+1,SZF,"https://jtc-fm.meta-cdn.net/cdn-cgi/image/width=64,height=64,fit=crop,gravity=auto/upload/auto/carriers/icons/original/47.png",€392
428,Turkey,Samsun,13h 55m,2 stops,02:35,19:30,SZF,"https://jtc-fm.meta-cdn.net/cdn-cgi/image/width=64,height=64,fit=crop,gravity=auto/upload/auto/carriers/icons/original/112.png",€477
429,Turkey,Samsun,13h 5m,1 stop,09:55,02:00+1,SZF,"https://jtc-fm.meta-cdn.net/cdn-cgi/image/width=64,height=64,fit=crop,gravity=auto/upload/auto/carriers/icons/original/62.png",€515
430,Turkey,Samsun,23h 20m,1 stop,17:10,19:30+1,SZF,"https://jtc-fm.meta-cdn.net/cdn-cgi/image/width=64,height=64,fit=crop,gravity=auto/upload/auto/carriers/icons/original/47.png",€392
431,Turkey,Samsun,14h 25m,1 stop,09:55,03:20+1,SZF,"https://jtc-fm.meta-cdn.net/cdn-cgi/image/width=64,height=64,fit=crop,gravity=auto/upload/auto/carriers/icons/original/62.png",€513
432,Turkey,Samsun,16h ,2 stops,02:35,21:35,SZF,"https://jtc-fm.meta-cdn.net/cdn-cgi/image/width=64,height=64,fit=crop,gravity=auto/upload/auto/carriers/icons/original/112.png",€479
433,Turkey,Samsun,25h 20m,1 stop,17:10,21:30+1,SZF,"https://jtc-fm.meta-cdn.net/cdn-cgi/image/width=64,height=64,fit=crop,gravity=auto/upload/auto/carriers/icons/original/47.png",€394
434,Turkey,Samsun,7h 10m,1 stop,17:10,03:20+1,SZF,"https://jtc-fm.meta-cdn.net/cdn-cgi/image/width=64,height=64,fit=crop,gravity=auto/upload/auto/carriers/icons/original/1517.png",€645
435,Turkey,Samsun,28h ,1 stop,17:10,00:10+2,SZF,"https://jtc-fm.meta-cdn.net/cdn-cgi/image/width=64,height=64,fit=crop,gravity=auto/upload/auto/carriers/icons/original/47.png",€394
436,Turkey,Samsun,19h 55m,1 stop,09:55,08:50+1,SZF,"https://jtc-fm.meta-cdn.net/cdn-cgi/image/width=64,height=64,fit=crop,gravity=auto/upload/auto/carriers/icons/original/62.png",€513
437,Turkey,Samsun,21h 25m,1 stop,09:55,10:20+1,SZF,"https://jtc-fm.meta-cdn.net/cdn-cgi/image/width=64,height=64,fit=crop,gravity=auto/upload/auto/carriers/icons/original/62.png",€515
438,Turkey,Samsun,28h 45m,2 stops,17:10,00:55+2,SZF,"https://jtc-fm.meta-cdn.net/cdn-cgi/image/width=64,height=64,fit=crop,gravity=auto/upload/auto/carriers/icons/original/47.png",€445
439,Turkey,Samsun,28h 45m,2 stops,17:10,00:55+2,SZF,"https://jtc-fm.meta-cdn.net/cdn-cgi/image/width=64,height=64,fit=crop,gravity=auto/upload/auto/carriers/icons/original/47.png",€445
440,Turkey,Trabzon,10h 45m,1 stop,01:10,14:55,TZX,"https://jtc-fm.meta-cdn.net/cdn-cgi/image/width=64,height=64,fit=crop,gravity=auto/upload/auto/carriers/icons/original/197.png",€144
441,Turkey,Trabzon,13h 40m,1 stop,01:10,17:50,TZX,"https://jtc-fm.meta-cdn.net/cdn-cgi/image/width=64,height=64,fit=crop,gravity=auto/upload/auto/carriers/icons/original/197.png",€144
442,Turkey,Trabzon,10h 45m,2 stops,01:10,14:55,TZX,"https://jtc-fm.meta-cdn.net/cdn-cgi/image/width=64,height=64,fit=crop,gravity=auto/upload/auto/carriers/icons/original/197.png",€242
443,Turkey,Trabzon,17h 10m,1 stop,01:10,21:20,TZX,"https://jtc-fm.meta-cdn.net/cdn-cgi/image/width=64,height=64,fit=crop,gravity=auto/upload/auto/carriers/icons/original/197.png",€205
444,Turkey,Trabzon,27h 35m,1 stop,01:10,07:45+1,TZX,"https://jtc-fm.meta-cdn.net/cdn-cgi/image/width=64,height=64,fit=crop,gravity=auto/upload/auto/carriers/icons/original/197.png",€170
445,Turkey,Trabzon,13h 10m,1 stop,17:10,09:20+1,TZX,"https://jtc-fm.meta-cdn.net/cdn-cgi/image/width=64,height=64,fit=crop,gravity=auto/upload/auto/carriers/icons/original/47.png",€392
446,Turkey,Trabzon,34h 45m,1 stop,01:10,14:55+1,TZX,"https://jtc-fm.meta-cdn.net/cdn-cgi/image/width=64,height=64,fit=crop,gravity=auto/upload/auto/carriers/icons/original/197.png",€170
447,Turkey,Trabzon,14h 50m,1 stop,17:10,11:00+1,TZX,"https://jtc-fm.meta-cdn.net/cdn-cgi/image/width=64,height=64,fit=crop,gravity=auto/upload/auto/carriers/icons/original/47.png",€394
448,Turkey,Trabzon,15h 15m,1 stop,17:10,11:25+1,TZX,"https://jtc-fm.meta-cdn.net/cdn-cgi/image/width=64,height=64,fit=crop,gravity=auto/upload/auto/carriers/icons/original/47.png",€392
449,Turkey,Trabzon,19h 15m,1 stop,17:10,15:25+1,TZX,"https://jtc-fm.meta-cdn.net/cdn-cgi/image/width=64,height=64,fit=crop,gravity=auto/upload/auto/carriers/icons/original/47.png",€392
450,Turkey,Trabzon,8h 55m,1 stop,09:55,21:50,TZX,"https://jtc-fm.meta-cdn.net/cdn-cgi/image/width=64,height=64,fit=crop,gravity=auto/upload/auto/carriers/icons/original/62.png",€513
451,Turkey,Trabzon,22h ,1 stop,17:10,18:10+1,TZX,"https://jtc-fm.meta-cdn.net/cdn-cgi/image/width=64,height=64,fit=crop,gravity=auto/upload/auto/carriers/icons/original/47.png",€392
452,Turkey,Trabzon,12h 50m,1 stop,09:55,01:45+1,TZX,"https://jtc-fm.meta-cdn.net/cdn-cgi/image/width=64,height=64,fit=crop,gravity=auto/upload/auto/carriers/icons/original/62.png",€513
453,Turkey,Trabzon,13h 25m,1 stop,09:55,02:20+1,TZX,"https://jtc-fm.meta-cdn.net/cdn-cgi/image/width=64,height=64,fit=crop,gravity=auto/upload/auto/carriers/icons/original/62.png",€515
454,Turkey,Trabzon,25h 15m,1 stop,17:10,21:25+1,TZX,"https://jtc-fm.meta-cdn.net/cdn-cgi/image/width=64,height=64,fit=crop,gravity=auto/upload/auto/carriers/icons/original/47.png",€394
455,Turkey,Trabzon,25h 35m,1 stop,17:10,21:45+1,TZX,"https://jtc-fm.meta-cdn.net/cdn-cgi/image/width=64,height=64,fit=crop,gravity=auto/upload/auto/carriers/icons/original/47.png",€392
456,Turkey,Trabzon,9h 50m,2 stops,02:35,15:25,TZX,"https://jtc-fm.meta-cdn.net/cdn-cgi/image/width=64,height=64,fit=crop,gravity=auto/upload/auto/carriers/icons/original/112.png",€592
457,Turkey,Trabzon,20h 25m,1 stop,09:55,09:20+1,TZX,"https://jtc-fm.meta-cdn.net/cdn-cgi/image/width=64,height=64,fit=crop,gravity=auto/upload/auto/carriers/icons/original/62.png",€513
458,Turkey,Trabzon,12h 35m,2 stops,02:35,18:10,TZX,"https://jtc-fm.meta-cdn.net/cdn-cgi/image/width=64,height=64,fit=crop,gravity=auto/upload/auto/carriers/icons/original/112.png",€592
459,Turkey,Trabzon,22h 5m,1 stop,09:55,11:00+1,TZX,"https://jtc-fm.meta-cdn.net/cdn-cgi/image/width=64,height=64,fit=crop,gravity=auto/upload/auto/carriers/icons/original/62.png",€515
460,Turkmenistan,Ashgabat,11h 50m,1 stop,09:55,02:45+1,ASB,"https://jtc-fm.meta-cdn.net/cdn-cgi/image/width=64,height=64,fit=crop,gravity=auto/upload/auto/carriers/icons/original/62.png",€699
461,Turkmenistan,Ashgabat,19h 10m,2 stops,02:35,02:45+1,ASB,"https://jtc-fm.meta-cdn.net/cdn-cgi/image/width=64,height=64,fit=crop,gravity=auto/upload/auto/carriers/icons/original/112.png",€632
462,Turkmenistan,Ashgabat,11h 50m,1 stop,09:55,02:45+1,ASB,"https://jtc-fm.meta-cdn.net/cdn-cgi/image/width=64,height=64,fit=crop,gravity=auto/upload/auto/carriers/icons/original/47.png","€1,006"
463,Turkmenistan,Ashgabat,20h 50m,2 stops,00:55,02:45+1,ASB,"https://jtc-fm.meta-cdn.net/cdn-cgi/image/width=64,height=64,fit=crop,gravity=auto/upload/auto/carriers/icons/original/372.png",€838
464,Turkmenistan,Ashgabat,20h 35m,3 stops,01:10,02:45+1,ASB,"https://jtc-fm.meta-cdn.net/cdn-cgi/image/width=64,height=64,fit=crop,gravity=auto/upload/auto/carriers/icons/original/197.png",€847
465,Turkmenistan,Ashgabat,19h 20m,3 stops,02:25,02:45+1,ASB,"https://jtc-fm.meta-cdn.net/cdn-cgi/image/width=64,height=64,fit=crop,gravity=auto/upload/auto/carriers/icons/original/22.png",€906
466,Turkmenistan,Ashgabat,19h 20m,3 stops,02:25,02:45+1,ASB,"https://jtc-fm.meta-cdn.net/cdn-cgi/image/width=64,height=64,fit=crop,gravity=auto/upload/auto/carriers/icons/original/22.png",€906
467,Turkmenistan,Ashgabat,19h 20m,3 stops,02:25,02:45+1,ASB,"https://jtc-fm.meta-cdn.net/cdn-cgi/image/width=64,height=64,fit=crop,gravity=auto/upload/auto/carriers/icons/original/22.png",€906
468,Turkmenistan,Ashgabat,28h 35m,1 stop,17:10,02:45+2,ASB,"https://jtc-fm.meta-cdn.net/cdn-cgi/image/width=64,height=64,fit=crop,gravity=auto/upload/auto/carriers/icons/original/47.png",€801
469,Turkmenistan,Ashgabat,29h 10m,3 stops,16:35,02:45+2,ASB,"https://jtc-fm.meta-cdn.net/cdn-cgi/image/width=64,height=64,fit=crop,gravity=auto/upload/auto/carriers/icons/original/7.png",€908
470,Turkmenistan,Ashgabat,29h 10m,3 stops,16:35,02:45+2,ASB,"https://jtc-fm.meta-cdn.net/cdn-cgi/image/width=64,height=64,fit=crop,gravity=auto/upload/auto/carriers/icons/original/7.png",€908
471,Turkmenistan,Ashgabat,32h 10m,2 stops,13:35,02:45+2,ASB,"https://jtc-fm.meta-cdn.net/cdn-cgi/image/width=64,height=64,fit=crop,gravity=auto/upload/auto/carriers/icons/original/62.png",€925
472,Turkmenistan,Ashgabat,28h 35m,3 stops,17:10,02:45+2,ASB,"https://jtc-fm.meta-cdn.net/cdn-cgi/image/width=64,height=64,fit=crop,gravity=auto/upload/auto/carriers/icons/original/47.png","€1,002"
473,Turkmenistan,Ashgabat,31h 20m,1 stop,15:05,03:25+2,ASB,"https://jtc-fm.meta-cdn.net/cdn-cgi/image/width=64,height=64,fit=crop,gravity=auto/upload/auto/carriers/icons/original/142.png","€1,047"
474,Turkmenistan,Ashgabat,33h 30m,2 stops,12:55,03:25+2,ASB,"https://jtc-fm.meta-cdn.net/cdn-cgi/image/width=64,height=64,fit=crop,gravity=auto/upload/auto/carriers/icons/original/62.png",€972
475,Turkmenistan,Ashgabat,34h 15m,3 stops,11:30,02:45+2,ASB,"https://jtc-fm.meta-cdn.net/cdn-cgi/image/width=64,height=64,fit=crop,gravity=auto/upload/auto/carriers/icons/original/17.png",€899
476,Turkmenistan,Ashgabat,34h 15m,3 stops,11:30,02:45+2,ASB,"https://jtc-fm.meta-cdn.net/cdn-cgi/image/width=64,height=64,fit=crop,gravity=auto/upload/auto/carriers/icons/original/17.png",€899
477,Turkmenistan,Ashgabat,34h 15m,3 stops,11:30,02:45+2,ASB,"https://jtc-fm.meta-cdn.net/cdn-cgi/image/width=64,height=64,fit=crop,gravity=auto/upload/auto/carriers/icons/original/17.png",€899
478,Turkmenistan,Ashgabat,34h 15m,3 stops,11:30,02:45+2,ASB,"https://jtc-fm.meta-cdn.net/cdn-cgi/image/width=64,height=64,fit=crop,gravity=auto/upload/auto/carriers/icons/original/17.png",€899
479,Turkmenistan,Ashgabat,35h 50m,3 stops,09:55,02:45+2,ASB,"https://jtc-fm.meta-cdn.net/cdn-cgi/image/width=64,height=64,fit=crop,gravity=auto/upload/auto/carriers/icons/original/62.png","€1,028"
